case,query_molecule_id,query_cid,rank,neighbor_molecule_id,neighbor_cid,similarity,neighbor_canonical_smiles
isolated_extreme,45881,6328544,1,19764,39661,0.0625,Cc1cnns1
isolated_extreme,45881,6328544,2,1865,615530,0.05882352963089943,c1ccc2c(c1)ncc1c3ccccc3ncc21
isolated_extreme,45881,6328544,3,32540,9225,0.05263157933950424,c1ccc2sncc2c1
isolated_extreme,45881,6328544,4,40721,26049,0.0476190485060215,CC1=CCC2C(C1)C2(C)C
isolated_extreme,45881,6328544,5,18918,10108,0.0476190485060215,CC1=CC(C)(C)CC(=O)C1
isolated_extreme,45881,6328544,6,4316,442461,0.0476190485060215,CC1=CC[C@H]2[C@@H](C1)C2(C)C
isolated_extreme,45881,6328544,7,45267,166830,0.04545454680919647,NC1=NC(=O)NC(O)C1O
isolated_extreme,45881,6328544,8,49493,443008,0.04545454680919647,CN1C2CCCC1(O)CC2
isolated_extreme,45881,6328544,9,12059,23690887,0.04545454680919647,CN1[CH-]SC(=S)N(C)C1.[Na+]
isolated_extreme,45881,6328544,10,18386,11956719,0.04545454680919647,OCC(O)C(O)C(O)c1cnc(C(O)C(O)C(O)CO)cn1
isolated_extreme,45881,6328544,11,22172,4006,0.043478261679410934,CC(C)OC(=O)C(C(=O)OC(C)C)=C1SC=CS1
isolated_extreme,45881,6328544,12,13430,101399,0.0416666679084301,O=CNc1ccccc1C(=O)O
isolated_extreme,45881,6328544,13,40144,690730,0.0416666679084301,S=c1nn[nH]n1-c1ccccc1
isolated_extreme,45881,6328544,14,39788,4787,0.0416666679084301,O=C1NC([O-])=NC1(c1ccccc1)c1ccccc1
isolated_extreme,45881,6328544,15,40583,90770768,0.03999999910593033,NCC=CC(=O)C1(N)N=CC=N1
isolated_extreme,45881,6328544,16,45006,911,0.03846153989434242,CSCCC(NC=O)C(=O)O
isolated_extreme,45881,6328544,17,25314,291317,0.03846153989434242,O=C1Nc2nc(=O)nc3[nH]c(=O)nc(n23)N1
isolated_extreme,45881,6328544,18,13719,90472689,0.03846153989434242,CC1(C)[C@@H]2CC=C(C(=O)O)C[C@@H]21
isolated_extreme,45881,6328544,19,26659,6839,0.03846153989434242,CN1C(=O)CC(c2ccccc2)C1=O
isolated_extreme,45881,6328544,20,7498,11462296,0.03703703731298447,COc1ccc(/C=C(NC=O)/C(=C/c2ccc(OC)cc2)NC=O)cc1
isolated_extreme,45881,6328544,21,3527,179520,0.03703703731298447,Cc1cc(=O)c2c(O)c(C)c(O)c(C)c2o1
isolated_extreme,45881,6328544,22,25231,162458,0.03703703731298447,COC(=O)c1ccccc1NC=O
isolated_extreme,45881,6328544,23,16391,56683359,0.03703703731298447,Cc1c(O)c(C)c2occc(=O)c2c1O
isolated_extreme,45881,6328544,24,26073,15415,0.0357142873108387,CCOC(=O)CC(SP(=O)(OC)OC)C(=O)OCC
isolated_extreme,45881,6328544,25,31305,5748566,0.0357142873108387,O=c1[nH]ccc2c1cnc1ccccc12
isolated_extreme,45881,6328544,26,1534,15560275,0.0357142873108387,CC1=C2[C@@H](CC1)[C@@H](C)CC[C@H]1[C@@H]2C1(C)C
isolated_extreme,45881,6328544,27,9120,6620919,0.0357142873108387,C[N+]1(CC(=O)OC2CCCCCCCCCCC2)CCCC1
isolated_extreme,45881,6328544,28,19549,638628,0.0357142873108387,O=c1occc2c1cnc1ccccc12
isolated_extreme,45881,6328544,29,26584,53356675,0.03448275849223137,CC1=CC[C@H]2[C@H]3[C@@H]1[C@]2(C)CCCC3(C)C
isolated_extreme,45881,6328544,30,42505,5367602,0.03448275849223137,C/C1=C/CC2C(CC2(C)C)/C(C)=C\CC1
isolated_extreme,45881,6328544,31,42201,12311396,0.03448275849223137,CC1=CC[C@@H]2[C@@H]3[C@H]1[C@@]2(C)CCCC3(C)C
isolated_extreme,45881,6328544,32,1398,4004,0.03448275849223137,CCOC(=O)CC(SP(=S)(OC)OC)C(=O)OCC
isolated_extreme,45881,6328544,33,8671,13025455,0.03448275849223137,O=CN[C@@H](Cc1ccc(O)cc1)C(=O)O
isolated_extreme,45881,6328544,34,22965,520957,0.03448275849223137,CC1=CCC2C3C1C2(C)CCCC3(C)C
isolated_extreme,45881,6328544,35,5712,5321842,0.03448275849223137,CC1CC=CC2=CCC3C(C3(C)C)C21C
isolated_extreme,45881,6328544,36,20506,71543365,0.03448275849223137,NC1CCC(N[C@@H]2C[C@H]2c2ccccc2)CC1
isolated_extreme,45881,6328544,37,15855,13892025,0.03333333507180214,CC1=CCC2C(C3C(C)CCC13)C2(C)C
isolated_extreme,45881,6328544,38,10074,101349816,0.03333333507180214,C=C1CCC/C=C(/C)CCC2=C[C@H]1CC2
isolated_extreme,45881,6328544,39,10200,11338517,0.03333333507180214,CCCCCCO[Si](c1ccccc1)(c1ccccc1)C(C)(C)C
isolated_extreme,45881,6328544,40,19385,16760634,0.03333333507180214,O=C(Nc1ccncc1)Nc1c(Cl)cc(Cl)cc1Cl
isolated_extreme,45881,6328544,41,33288,163116296,0.03333333507180214,O=C(O)C1=CC2=C(C=C(O)C(=O)C2)CN1
isolated_extreme,45881,6328544,42,1100,5362885,0.03333333507180214,C=C1CCC/C(C)=C\CC2C1CC2(C)C
isolated_extreme,45881,6328544,43,23556,7207091,0.03333333507180214,CCSc1ccc(-c2ccco2)nn1
isolated_extreme,45881,6328544,44,41491,40087,0.03333333507180214,O=C(Nc1ccccc1)Nc1cnns1
isolated_extreme,45881,6328544,45,38778,530421,0.03333333507180214,CC1CCCC2=CCC3C(C3(C)C)C21C
isolated_extreme,45881,6328544,46,18906,527107,0.032258063554763794,CC1=CCC2C1CC(C(C)C)C1CC21C
isolated_extreme,45881,6328544,47,38672,162919512,0.032258063554763794,CC1=CC[C@@H]2[C@H](C1)[C@H](C(C)C)[C@H]1C[C@@]21C
isolated_extreme,45881,6328544,48,31313,53387667,0.032258063554763794,COc1ccc(/C=C(NC=O)/C(=C/c2ccc(O)cc2)NC=O)cc1
isolated_extreme,45881,6328544,49,16746,124202310,0.032258063554763794,O=c1c([NH2+][O-])c(-c2ccccc2)[nH]n1-c1ccccc1
isolated_extreme,45881,6328544,50,11787,11148642,0.032258063554763794,CC1=CC[C@H]2[C@@H]([C@H]3C(C)=COC=C13)C2(C)C
isolated_extreme,45881,6328544,51,43296,135600359,0.03125,CC1(O)Cc2cc(O)c(=O)cc(O)c2CO1
isolated_extreme,45881,6328544,52,38148,146684210,0.03125,COC1=CC(=O)[C@]2(C)CO[C@H](O)[C@H]12
isolated_extreme,45881,6328544,53,16873,530816,0.03125,CC1=CCC2C1C1C(C(C)C)CCC21C
isolated_extreme,45881,6328544,54,27644,101855969,0.03125,C[C@H]1[C@H](O)[C@H](O)[C@@H]2C(C(=O)O)=COC[C@]12O
isolated_extreme,45881,6328544,55,9030,162905203,0.03125,O=C1C=C/C(=C(\C#C[C@H]2CO2)CO)O1
isolated_extreme,45881,6328544,56,4411,10731055,0.03125,CC(C)c1c2nc3ccccc3c-2n(C)c2ccccc12
isolated_extreme,45881,6328544,57,6327,683963,0.03125,O=c1[nH]n(-c2ccc([N+](=O)[O-])cc2)c(=O)c2ccccc12
isolated_extreme,45881,6328544,58,29275,91704770,0.03125,C/C1=C/CC2C(CC2(C)C)C(C)CCC1O
isolated_extreme,45881,6328544,59,24484,47641,0.03030303120613098,CN(C/C=C/c1ccccc1)Cc1cccc2ccccc12
isolated_extreme,45881,6328544,60,21608,108214,0.03030303120613098,CC(=O)Nc1c(NC=O)[nH]c(=O)n(C)c1=O
isolated_extreme,45881,6328544,61,5866,6440942,0.03030303120613098,CC1=C2[C@H](/C=C(\C)C=O)CC[C@@H](C)[C@H]2CC1
isolated_extreme,45881,6328544,62,39474,162927020,0.029411764815449715,C=C1CC(C(C)C)=CC[C@H]2[C@H]1CC[C@]2(C)O
isolated_extreme,45881,6328544,63,39252,342499,0.029411764815449715,Cc1ccc(NC(=O)Nc2c(Cl)cccc2Cl)cn1
isolated_extreme,45881,6328544,64,39630,2883130,0.029411764815449715,O=C1C2C3c4ccccc4C(c4ccccc43)C2C(=O)N1Cc1cccnc1
isolated_extreme,45881,6328544,65,13495,85132500,0.029411764815449715,CC1(C)CC2C1CC=C(C=O)C1C(=O)CC12C
isolated_extreme,45881,6328544,66,9412,131752303,0.029411764815449715,CC(=C/C=C/C=C(C)/C=C\C=C(C)\C=C\C12OC(CC1(C)C)CC2(C)O)/C=C/C=C(C)\C=C\C12OC(CC1(C)C)CC2(C)O
isolated_extreme,45881,6328544,67,23690,9991830,0.029411764815449715,Cc1cc2ccc3c(=O)c(C)c(C)oc3c2cn1
isolated_extreme,45881,6328544,68,4333,122543,0.029411764815449715,C=C1CCC(O)C(C)=CCC2C1CC2(C)C
isolated_extreme,45881,6328544,69,3934,6440940,0.029411764815449715,CC1=C2[C@H](/C=C(\C)C(=O)O)CC[C@@H](C)[C@H]2CC1
isolated_extreme,45881,6328544,70,45653,343283,0.029411764815449715,O=c1cc(-c2ccccc2)[nH]c2[nH]n(-c3ccccc3)c(=O)c12
isolated_extreme,45881,6328544,71,33090,21580503,0.029411764815449715,CC1=CC[C@H]2[C@@H]([C@@H]3C1=COC[C@H]3C)C2(C)C
isolated_extreme,45881,6328544,72,27433,101434799,0.029411764815449715,CC1=C2[C@@H](C(=O)[C@@H](C)[C@H](O)[C@H]2O)[C@H](C(C)C)CC1
isolated_extreme,45881,6328544,73,17167,156581940,0.029411764815449715,CC(C)(O)[C@H]1C[C@H]2[C@@H]3C(=O)CC[C@@]2(C)C[C@@H]31
isolated_extreme,45881,6328544,74,23321,536700,0.029411764815449715,CC(=O)N1CN2CN(C(C)=O)CC(C(=O)c3ccc(Br)cc3)(C2)C1
isolated_extreme,45881,6328544,75,30531,2959226,0.029411764815449715,O=C(CN1CCCC1)Nc1ccc([N+](=O)[O-])cc1
isolated_extreme,45881,6328544,76,9991,442392,0.02857142873108387,CC1=C[C@@H]2[C@@H](C(C)C)CC=C(C(=O)O)[C@@H]2CC1
isolated_extreme,45881,6328544,77,13660,163006465,0.02857142873108387,C=C(C)[C@@H]1CC[C@@](C)(O)[C@@H]2CC=C(C)[C@@H]2C1
isolated_extreme,45881,6328544,78,24108,162955814,0.02857142873108387,C[C@H]1CCCC2=CC[C@H]3[C@H]([C@]3(C)CO)[C@@]21C
isolated_extreme,45881,6328544,79,4855,9548591,0.02857142873108387,CC1(C)S[C@@H]2[C@H](NC=O)C(=O)N2[C@H]1C(=O)O
isolated_extreme,45881,6328544,80,18669,828338,0.02857142873108387,Cc1[nH]n(-c2ccccc2)c(=O)c1Sc1ccc(Cl)cc1
isolated_extreme,45881,6328544,81,39555,162859725,0.02857142873108387,CC1=C2C(=O)OC[C@@]2(C)C=C2C(=O)C(C)(C)C[C@@H]21
isolated_extreme,45881,6328544,82,34082,10977329,0.02857142873108387,O=CNc1ccccc1C(=O)c1nccs1
isolated_extreme,45881,6328544,83,37618,102479664,0.02857142873108387,CC1(C)CCC[C@]2(C)[C@H]3CC=C(C=O)C(C=O)=C[C@@H]3CC[C@@H]12
isolated_extreme,45881,6328544,84,27595,73353712,0.02777777798473835,C/C1=C/C2=CC(C)(C)C[C@@]2(OO)[C@H](C)CC[C@@H]1O
isolated_extreme,45881,6328544,85,7059,4885280,0.02777777798473835,Cc1nn(C)c(C)c1NC(=O)Nc1ccc(Cl)c(Cl)c1
isolated_extreme,45881,6328544,86,2117,1015208,0.02777777798473835,CN(Cc1ccccc1)C(=S)NC(=O)c1ccc(-c2ccccc2)cc1
isolated_extreme,45881,6328544,87,16113,179519,0.02777777798473835,CC(C)C1CCC2(C)C3CC=C(CO)C2C13
isolated_extreme,45881,6328544,88,16956,122180244,0.02777777798473835,CC1(C)C=C(NC=O)[C@]23CCC[C@](C)(CC[C@@H]12)C3
isolated_extreme,45881,6328544,89,30458,162846489,0.02777777798473835,CN1C[C@@H]2CC3=C[C@@H](C(=O)CC3)[C@@H]3C=C(CCC3=O)C[C@H]1CN2
isolated_extreme,45881,6328544,90,30026,131751906,0.02777777798473835,CC1(C)C(O)CC(=O)C2C3C(=CCC21)COC3O
isolated_extreme,45881,6328544,91,37559,3036175,0.02777777798473835,CCO/C=C1/N=C(c2ccco2)OC1=O
isolated_extreme,45881,6328544,92,27399,747185,0.027027027681469917,Cc1cc2nc(SCCN3CCCC3)[nH]c2cc1C
isolated_extreme,45881,6328544,93,15815,101259978,0.027027027681469917,C=C(C=O)[C@@H]1[C@@H]2[C@H](CC=C(C=O)[C@@H]1C=O)C2(C)C
isolated_extreme,45881,6328544,94,26760,91828198,0.027027027681469917,C[C@H]1O[C@H](O[C@@H]2[C@@H](O[C@@H]3[C@@H](O[C@@H]4[C@@H](O[C@@H]5[C@H](O)[C@@H](O[C@@H]6[C@@H](O[C@@H]7[C@@H](O[C@@H]8[C@@H](O[C@H]9[C@@H](O)[C@H](NC=O)[C@@H](C)O[C@@H]9O)O[C@H](C)[C@@H](NC=O)[C@@H]8O)O[C@H](C)[C@@H](NC=O)[C@@H]7O)O[C@H](C)[C@@H](NC=O)[C@@H]6O)O[C@H](C)[C@H]5NC=O)O[C@H](C)[C@@H](NC=O)[C@@H]4O)O[C@H](C)[C@@H](NC=O)[C@@H]3O)O[C@H](C)[C@@H](NC=O)[C@@H]2O)[C@@H](O)[C@@H](O)[C@@H]1NC=O
isolated_extreme,45881,6328544,95,27458,640952,0.027027027681469917,CC(C)=C1Oc2c(ccc3cc(C)ncc23)C1=O
isolated_extreme,45881,6328544,96,32955,91828210,0.027027027681469917,C[C@H]1O[C@H](O[C@@H]2[C@@H](O[C@@H]3[C@H](O)[C@@H](O[C@@H]4[C@@H](O[C@@H]5[C@@H](O[C@H]6[C@@H](O)[C@H](NC=O)[C@@H](C)O[C@@H]6O)O[C@H](C)[C@@H](NC=O)[C@@H]5O)O[C@H](C)[C@@H](NC=O)[C@@H]4O)O[C@H](C)[C@H]3NC=O)O[C@H](C)[C@@H](NC=O)[C@@H]2O)[C@@H](O)[C@@H](O)[C@@H]1NC=O
isolated_extreme,45881,6328544,97,6256,73062974,0.027027027681469917,CC(=O)OCC(=CC=CCOC(=O)c1ccccc1)COC(=O)c1ccccc1
isolated_extreme,45881,6328544,98,4668,32486,0.027027027681469917,O=CNc1nc(-c2ccc([N+](=O)[O-])o2)cs1
isolated_extreme,45881,6328544,99,9801,14524437,0.027027027681469917,CC1=CC(C)(C)C(=O)C(C(=O)C2C(c3ccccc3)C(C(=O)C3=C(O)C(C)=CC(C)(C)C3=O)C2c2ccccc2)=C1O
isolated_extreme,45881,6328544,100,231,73707562,0.027027027681469917,Oc1ccccc1C[C@@H](c1ccccc1)[C@@H]1CNCCO1
spiky_high,780,12054527,1,40523,16212247,1.0,ClC1=C(Cl)C2(Cl)[C@H]3[C@@H]4O[C@@H]4[C@H](Cl)[C@H]3C1(Cl)C2(Cl)Cl
spiky_high,780,12054527,2,33590,13930,1.0,ClC1=C(Cl)C2(Cl)C3C4OC4C(Cl)C3C1(Cl)C2(Cl)Cl
spiky_high,780,12054527,3,46512,15559705,1.0,ClC1=C(Cl)[C@]2(Cl)[C@H]3[C@H](Cl)[C@@H]4O[C@@H]4[C@H]3[C@@]1(Cl)C2(Cl)Cl
spiky_high,780,12054527,4,17902,15559706,1.0,ClC1=C(Cl)[C@]2(Cl)[C@H]3[C@@H]4O[C@@H]4[C@H](Cl)[C@H]3[C@@]1(Cl)C2(Cl)Cl
spiky_high,780,12054527,5,5825,15559699,1.0,ClC1=C(Cl)[C@]2(Cl)[C@@H]3[C@@H](Cl)[C@H]4O[C@H]4[C@@H]3[C@@]1(Cl)C2(Cl)Cl
spiky_high,780,12054527,6,8552,9271,0.5555555820465088,ClC1=C(Cl)C2(Cl)C3C(Cl)OC(Cl)C3C1(Cl)C2(Cl)Cl
spiky_high,780,12054527,7,30197,46174049,0.5333333611488342,ClC1=C(Cl)[C@@]2(Cl)[C@H]3[C@H]([C@@H]4C[C@@H]3C3OC34)[C@@]1(Cl)C2(Cl)Cl
spiky_high,780,12054527,8,36683,12358480,0.5333333611488342,ClC1=C(Cl)[C@]2(Cl)[C@@H]3[C@H]4C[C@H]([C@@H]5O[C@H]45)[C@@H]3[C@@]1(Cl)C2(Cl)Cl
spiky_high,780,12054527,9,27345,3048,0.5333333611488342,ClC1=C(Cl)C2(Cl)C3C4CC(C5OC45)C3C1(Cl)C2(Cl)Cl
spiky_high,780,12054527,10,17424,71312306,0.5333333611488342,ClC1=C(Cl)[C@@]2(Cl)[C@@H]3[C@H]4C[C@@H]([C@H]5O[C@@H]45)[C@H]3[C@@]1(Cl)C2(Cl)Cl
spiky_high,780,12054527,11,3674,134687884,0.5333333611488342,ClC1=C(Cl)[C@]2(Cl)[C@H]3[C@H]4C[C@@H]([C@@H]5O[C@H]45)[C@H]3[C@@]1(Cl)C2(Cl)Cl
spiky_high,780,12054527,12,3627,12358497,0.5333333611488342,ClC1=C(Cl)[C@]2(Cl)[C@@H]3[C@@H]4C[C@@H]([C@@H]5O[C@H]45)[C@@H]3[C@@]1(Cl)C2(Cl)Cl
spiky_high,780,12054527,13,32520,5993,0.4375,ClC1=C(Cl)C2(Cl)C3C(Cl)C(Cl)CC3C1(Cl)C2(Cl)Cl
spiky_high,780,12054527,14,35002,12303035,0.4375,ClC1=C(Cl)[C@]2(Cl)[C@H]3[C@H](Cl)[C@H](Cl)C[C@H]3[C@@]1(Cl)C2(Cl)Cl
spiky_high,780,12054527,15,13789,134687881,0.4375,ClC1=C(Cl)[C@@]2(Cl)C3C(Cl)C(Cl)CC3[C@@]1(Cl)C2(Cl)Cl
spiky_high,780,12054527,16,105,46174053,0.42424243688583374,ClC1=C(Cl)[C@]2(Cl)C3C(Cl)C4(Cl)OC4C3[C@@]1(Cl)C2(Cl)Cl
spiky_high,780,12054527,17,10836,102090390,0.375,ClC1=C(Cl)[C@]2(Cl)[C@H]3[C@H]([C@H]4C=C[C@@H]3C4)C1(Cl)C2(Cl)Cl
spiky_high,780,12054527,18,12603,12310947,0.375,ClC1=C(Cl)[C@]2(Cl)[C@H]3[C@H]([C@@H]4C=C[C@H]3C4)[C@@]1(Cl)C2(Cl)Cl
spiky_high,780,12054527,19,14070,10066,0.375,ClC1=C(Cl)[C@@]2(Cl)[C@H]3[C@H]([C@@H]4C=C[C@@H]3C4)[C@@]1(Cl)C2(Cl)Cl
spiky_high,780,12054527,20,5810,2087,0.375,ClC1=C(Cl)C2(Cl)C3C4C=CC(C4)C3C1(Cl)C2(Cl)Cl
spiky_high,780,12054527,21,33849,222548,0.375,ClC1=C(Cl)[C@]2(Cl)[C@@H]3[C@@H]([C@H]4C=C[C@@H]3C4)[C@@]1(Cl)C2(Cl)Cl
spiky_high,780,12054527,22,25056,25552,0.3529411852359772,OC1C=CC2C1C1(Cl)C(Cl)=C(Cl)C2(Cl)C1(Cl)Cl
spiky_high,780,12054527,23,17972,8266,0.3125,O=C(O)C1C(C(=O)O)C2(Cl)C(Cl)=C(Cl)C1(Cl)C2(Cl)Cl
spiky_high,780,12054527,24,19466,13940,0.3055555522441864,O=S1(=O)OCC2C(CO1)C1(Cl)C(Cl)=C(Cl)C2(Cl)C1(Cl)Cl
spiky_high,780,12054527,25,21607,13766811,0.3055555522441864,O=S1(=O)OC[C@@H]2[C@H](CO1)[C@]1(Cl)C(Cl)=C(Cl)[C@@]2(Cl)C1(Cl)Cl
spiky_high,780,12054527,26,891,12309460,0.3055555522441864,O=S1OC[C@@H]2[C@H](CO1)[C@]1(Cl)C(Cl)=C(Cl)[C@@]2(Cl)C1(Cl)Cl
spiky_high,780,12054527,27,10326,122361661,0.29729729890823364,Cl[C@@H]1C2(Cl)C3C4[C@@H]5O[C@@H]5[C@H]5C3[C@@](Cl)(C2(Cl)Cl)[C@]1(Cl)[C@@H]45
spiky_high,780,12054527,28,38766,6478,0.2142857164144516,ClC1=C(Cl)C(Cl)(Cl)C(Cl)=C1Cl
spiky_high,780,12054527,29,27263,5284469,0.1794871836900711,C=C1C(CCl)(CCl)C2(Cl)C(Cl)C(Cl)C1(Cl)C2(Cl)Cl
spiky_high,780,12054527,30,15622,11593500,0.17142857611179352,O[C@@H]1c2cocc2[C@@H](O)[C@H]2O[C@H]21
spiky_high,780,12054527,31,35090,6325264,0.16949152946472168,OC[C@H]1O[C@@H](O[C@@H]2[C@@H](O)[C@H](O[C@@H]3OC=C[C@]4(O)[C@H]3[C@H]3O[C@H]3[C@H]4O)O[C@H](CO)[C@H]2O)[C@H](O)[C@@H](O)[C@@H]1O
spiky_high,780,12054527,32,17182,46174002,0.1666666716337204,CC1(C)[C@H]2[C@@H]3O[C@@H]3[C@](C)(O)C(=O)[C@H]21
spiky_high,780,12054527,33,2639,522524,0.1666666716337204,O=CC1CC2C3C1C1(Cl)C(Cl)(Cl)C3(Cl)C3(Cl)C2C13Cl
spiky_high,780,12054527,34,27870,6442565,0.1666666716337204,CC1=C(/C=C/Cl)C[C@H](Cl)[C@](C)(Cl)C1
spiky_high,780,12054527,35,13699,138394063,0.1666666716337204,O=C[C@@H]1C[C@H]2[C@H]3[C@@H]1[C@]1(Cl)C(Cl)(Cl)[C@]3(Cl)[C@@]3(Cl)[C@@H]2[C@]31Cl
spiky_high,780,12054527,36,39125,19869,0.16129031777381897,O=C1OC(Cl)C(Cl)O1
spiky_high,780,12054527,37,13575,139590446,0.15625,C[C@H]1O[C@H](C)C2(C)OC1(C)[C@@H](C)O[C@@H]2C
spiky_high,780,12054527,38,18144,12150227,0.1551724076271057,CC1=C[C@@]23CC[C@@H]4[C@@]5(C)CCC[C@@]4(C(=O)OC5)[C@@H]2CC[C@@H]1C3
spiky_high,780,12054527,39,43369,125686,0.1538461595773697,CO[C@H]1O[C@H]2O[C@@]3(C)[C@H]1[C@@H](C[C@@H]3NCCc1ccccc1Cl)[C@@H]2C
spiky_high,780,12054527,40,15567,13946,0.1515151560306549,OC1C2(Cl)C3(Cl)C4(Cl)C(Cl)(Cl)C5(Cl)C3(Cl)C1(Cl)C5(Cl)C24Cl
spiky_high,780,12054527,41,45205,16945,0.14814814925193787,ClC1(Cl)C2(Cl)C3(Cl)C4(Cl)C(Cl)(Cl)C5(Cl)C3(Cl)C1(Cl)C5(Cl)C24Cl
spiky_high,780,12054527,42,35880,39929,0.14705882966518402,Clc1cc2oc3cc(Cl)c(Cl)cc3c2cc1Cl
spiky_high,780,12054527,43,288,148754,0.1463414579629898,O=C1C(=C(Cl)Cl)C(=O)C2(Cl)C3C=CC(C3)C12Cl
spiky_high,780,12054527,44,11445,156582909,0.1428571492433548,CC(C)C[C@@H]1NC(=O)[C@]23[C@H]1[C@H](C)[C@H]1O[C@H]1[C@@H]2/C=C/[C@@H](O)CCCC1=NO[C@]3(O)C1
spiky_high,780,12054527,45,20992,11199095,0.1428571492433548,C=C1C(=O)O[C@H]2[C@H]1[C@@H](OC(C)=O)C=C(C)[C@]1(O)C[C@H](Cl)[C@@](C)(O)[C@H]21
spiky_high,780,12054527,46,39111,10197984,0.1428571492433548,N[C@@]1(C(=O)O)CO[C@H]2[C@H](C(=O)O)[C@H]21
spiky_high,780,12054527,47,38836,9881317,0.1428571492433548,C[C@H]1C(=O)C=C2C=C3C(=O)C(C)(C)[C@@H]4O[C@]34[C@@]21C
spiky_high,780,12054527,48,31217,163185447,0.14000000059604645,C=C1C(=O)O[C@@H]2[C@@H]3[C@@H](CCC34CO4)C3(CC[C@@H]12)CO3
spiky_high,780,12054527,49,5217,163009326,0.14000000059604645,CC1=C([C@H]2CC[C@](C)(Cl)[C@@H](Br)C2)C[C@H](Br)C(C)(C)O1
spiky_high,780,12054527,50,25820,11265199,0.14000000059604645,C[C@@H]1C[C@H](O)C2=C3C1=COC[C@@]3(C)[C@H](O)C2(C)C
spiky_high,780,12054527,51,15074,139585641,0.13953489065170288,Oc1ccc2c3c1[C@@H](O)[C@@H]1O[C@@H]1[C@H]3c1ccc(O)c3c1[C@H]2[C@H]1O[C@H]1[C@@H]3O
spiky_high,780,12054527,52,5145,192871,0.13953489065170288,CC1(O)CC2(CO1)OC[C@@H](O)[C@@H]2O
spiky_high,780,12054527,53,32244,121225509,0.13846154510974884,CC1(N)C(=O)NC(=O)N([C@H]2C[C@H](O)[C@@H](CO)O2)C1C1C=C2N1C(=O)N2[C@H]1C[C@H](O)[C@@H](CO)O1
spiky_high,780,12054527,54,33783,23244755,0.13725490868091583,Cc1occc1[C@H]1CC[C@](C)(Cl)[C@@H](Br)C1
spiky_high,780,12054527,55,11121,44471972,0.13725490868091583,C[C@H]1CC[C@H]2[C@H](C1)[C@@H]1O[C@@H]1[C@@H]1COC(=O)[C@]21C
spiky_high,780,12054527,56,20070,294641,0.13636364042758942,N[C@H](C(=O)O)[C@@H]1CC(Cl)=NO1
spiky_high,780,12054527,57,31786,3244228,0.1355932205915451,Cc1ccc(Cl)cc1-n1c(=O)cc(N2CC(C)OC(C)C2)[nH]c1=O
spiky_high,780,12054527,58,23842,156582550,0.13461539149284363,CC1=C[C@@H]2[C@@H](CC1)[C@H](C)C[C@@H]1OC[C@]3(C)O[C@@]123
spiky_high,780,12054527,59,16516,46881080,0.13461539149284363,CC1(C)C=CC(=O)[C@](C)([C@@H]2CC[C@@](C)(Cl)[C@H](Br)C2)O1
spiky_high,780,12054527,60,38270,14249524,0.13461539149284363,O=C(O)[C@]1(CCCCCCOc2ccc(Cl)cc2)CO1
spiky_high,780,12054527,61,39096,21778695,0.13461539149284363,C[C@]1(O)OC(=O)C=C1[C@H]1CC[C@](C)(Cl)[C@@H](Br)C1
spiky_high,780,12054527,62,29027,131751919,0.13461539149284363,CC1C(=O)OC2C1C(O)CC1(C)CCC(=O)C(C)C21
spiky_high,780,12054527,63,1893,163104796,0.13461539149284363,CC1=CC2=C(C)C(=O)OC2=C[C@]12CCC[C@@H]2C
spiky_high,780,12054527,64,3484,14314421,0.13461539149284363,CC1(C)C=C[C@@H](O)[C@@](C)([C@H]2CC[C@](C)(Cl)[C@@H](Br)C2)O1
spiky_high,780,12054527,65,27047,6443195,0.13333334028720856,C=C1C[C@@](C)(Cl)[C@@H](Cl)C[C@H]1/C=C/Cl
spiky_high,780,12054527,66,10406,10900625,0.13333334028720856,CC1(C)O[C@]23C[C@H]1CC[C@]2(C)CC[C@@H]1O[C@@]13C
spiky_high,780,12054527,67,21509,139586854,0.13333334028720856,C1OCC2OC3COCC3OC12
spiky_high,780,12054527,68,7919,11658860,0.13333334028720856,C[C@H]1CNCCc2ccc(Cl)cc21
spiky_high,780,12054527,69,45833,163105777,0.13333334028720856,C=C1C2CCC3(C(O)CC4C5(C)CCCC4(C(=O)OC5)C3C2)C1O
spiky_high,780,12054527,70,8856,162969474,0.13235294818878174,C=C1C(=O)C2=C3[C@@H](CC[C@@H]4[C@H](OC(=O)[C@H]4C)[C@@H]13)CC[C@]21C(=O)C[C@H]2C(=C)CC[C@@H]3[C@H](OC(=O)[C@@H]3C)[C@H]21
spiky_high,780,12054527,71,47798,139587975,0.1320754736661911,CC1=C[C@H]2OC[C@](C)(O)[C@@H]3CC[C@@H](C)[C@@]32CC1
spiky_high,780,12054527,72,32848,11190171,0.1320754736661911,CS[C@@]12CC3=C[C@H](O)[C@@H]4O[C@@H]4[C@H]3N1C(=O)[C@]1(SC)CC3=C[C@H](O)[C@@H]4O[C@@H]4[C@H]3N1C2=O
spiky_high,780,12054527,73,12470,2818922,0.1320754736661911,Nc1n[nH]c(C2CC2)c1N=Nc1ccc(Cl)c(Cl)c1
spiky_high,780,12054527,74,69,102512473,0.1320754736661911,CC12C(=O)NC(=O)N([C@H]3C[C@H](O)[C@@H](CO)O3)C1C1N([C@H]3C[C@H](O)[C@@H](CO)O3)C(=O)NC(=O)C12C
spiky_high,780,12054527,75,607,163192908,0.1320754736661911,C=C1C[C@@H](O)[C@H]2O[C@H]3C[C@@](C)(Cl)[C@@H](Br)C[C@@]13C2(C)C
spiky_high,780,12054527,76,2593,15386616,0.1320754736661911,C[C@@H]1C(=O)[C@@H](O)[C@]2(Br)O[C@@H]3C[C@](C)(Cl)[C@@H](Br)C[C@]13C2(C)C
spiky_high,780,12054527,77,48938,1274465,0.1315789520740509,CN1[C@@H]2CC(O)C[C@H]1[C@@H]1O[C@@H]12
spiky_high,780,12054527,78,17618,21574497,0.13114753365516663,CC1=CC(=O)[C@@]2(C)[C@@H]1CC(=O)[C@@]13CO[C@]4(C)[C@@H](OC(=O)[C@@H]41)[C@H](O)[C@H]23
spiky_high,780,12054527,79,18829,163063866,0.13114753365516663,O=C1OC[C@H]2O[C@H](O)[C@H](O)[C@@H](O)[C@@H]2OC(=O)C2=CC(=O)[C@]3(O)O[C@]4(O)C(=O)C=C1[C@@H]1[C@@H]2[C@@]3(O)O[C@@]14O
spiky_high,780,12054527,80,16661,21576506,0.1304347813129425,C[C@@H]1CCC[C@@]2(C)CC[C@@H]3[C@@H](OC3(C)C)[C@H]12
spiky_high,780,12054527,81,13032,21775138,0.1304347813129425,C=C1CCC[C@]2(C)CC[C@H]3[C@@H]([C@@H]12)C3(C)C
spiky_high,780,12054527,82,34796,11673085,0.1304347813129425,C[C@H]1CNCCc2ccc(Cl)cc21.Cl
spiky_high,780,12054527,83,42262,528759,0.1304347813129425,CC1CCC2C1C1C(CCC23CO3)C1(C)C
spiky_high,780,12054527,84,46999,139591327,0.1304347813129425,CC1=C[C@H]2O[C@@](C)(CO)[C@H]2CC1
spiky_high,780,12054527,85,38063,637331,0.1304347813129425,C[C@@H]1CCC[C@]2(C)CC[C@H]3[C@@H]2[C@@H]1OC3(C)C
spiky_high,780,12054527,86,35623,24950678,0.1304347813129425,C[C@]12CC[C@@]3(CC4=CC[C@@H]5[C@@]6(C)C[C@@H](O)[C@@H](O)C(CO)(CO)[C@@H]6CC[C@@]5(C)[C@]4(C)C[C@@H]3O[C@@H]1O)C2
spiky_high,780,12054527,87,15749,13944030,0.1304347813129425,CC1=CC(=O)O[C@@]12CC[C@@]1(C)O[C@H]12
spiky_high,780,12054527,88,28489,132821222,0.1304347813129425,C[C@H]1/C=C\C=C\C=C/C=C/C=C\[C@@H](O[C@H]2OC[C@H](O)[C@@H](O)[C@@H]2N)[C@@](C)(O)/C=C/C=C/C(=O)NC1
spiky_high,780,12054527,89,45916,11173422,0.12962962687015533,CC(C)[C@H](O)[C@@]12NC(=O)[C@H](CCCl)[C@]1(C)OC2=O
spiky_high,780,12054527,90,40628,75092867,0.12962962687015533,OCC1OC(OC2C3CCC(O)(N3)C(O)C2O)C(O)C(O)C1O
spiky_high,780,12054527,91,30363,162927006,0.12903225421905518,C=C1C(=O)O[C@H]2[C@H]1[C@@H](OC(C)=O)C=C(C)[C@]1(O)C[C@H]3O[C@H]3[C@H]21
spiky_high,780,12054527,92,9065,163042345,0.12903225421905518,CC1CC(C)(O)C(=O)C2OC2C2C(O)C3(C)OC4=C(C(=O)OC42CC3C)C1=O
spiky_high,780,12054527,93,5371,446111,0.12857143580913544,CN[C@H]1C[C@@H](N)[C@H](O)[C@@H](O[C@@H]2O[C@H](CO)C(O)[C@@H]3O[C@@]4(O[C@@H]([C@@H](N)CO)[C@H](O)[C@@H](O)[C@H]4O)O[C@@H]23)[C@@H]1O
spiky_high,780,12054527,94,6087,156581745,0.12857143580913544,CO[C@H]1CCC[C@@H](O)/C=C/[C@H]2[C@@H]3O[C@@H]3[C@@H](C)[C@H]3[C@H](CC(C)C)NC(=O)[C@]32C(=O)C1
spiky_high,780,12054527,95,9131,20054942,0.12857143580913544,CN[C@H]1C[C@@H](N)[C@H](O)[C@@H](O[C@@H]2O[C@H](CO)[C@H](O)[C@@H]3OC4(O[C@H]23)O[C@H](C(N)CO)[C@H](O)[C@H](O)[C@H]4O)[C@@H]1O
spiky_high,780,12054527,96,10557,3659,0.12857143580913544,CNC1CC(N)C(O)C(OC2OC(CO)C(O)C3OC4(OC(C(N)CO)C(O)C(O)C4O)OC23)C1O
spiky_high,780,12054527,97,24370,56928061,0.12857143580913544,CN[C@H]1C[C@@H](N)[C@H](O)[C@@H](O[C@@H]2O[C@H](CO)[C@H](O)[C@@H]3OC4(O[C@H]23)O[C@H]([C@@H](N)CO)[C@H](O)[C@H](O)[C@H]4O)[C@@H]1O
spiky_high,780,12054527,98,30478,35766,0.12857143580913544,CN[C@H]1C[C@@H](N)[C@H](O)[C@@H](O[C@@H]2O[C@H](CO)[C@H](O)[C@@H]3OC4(O[C@H]23)O[C@H]([C@@H](N)CO)[C@H](O)[C@@H](O)[C@H]4O)[C@@H]1O
spiky_high,780,12054527,99,14531,2545,0.12820513546466827,CC12C(=O)OC(=O)C1(C)C1CCC2O1
spiky_high,780,12054527,100,26209,5944,0.12820513546466827,C[C@@]12C(=O)OC(=O)[C@]1(C)[C@H]1CC[C@@H]2O1
evenly_high,280,91858902,1,35296,146016574,1.0,CC(=O)N[C@@H]1[C@@H](O)[C@H](O[C@@H]2O[C@H](CO)[C@@H](O[C@@H]3O[C@H](CO[C@H]4O[C@H](CO[C@H]5O[C@H](CO)[C@@H](O)[C@H](O)[C@@H]5O[C@H]5O[C@H](CO)[C@@H](O)[C@H](O)[C@@H]5O)[C@@H](O)[C@H](O[C@H]5O[C@H](CO)[C@@H](O)[C@H](O)[C@@H]5O[C@H]5O[C@H](CO)[C@@H](O)[C@H](O)[C@@H]5O)[C@@H]4O)[C@@H](O)[C@H](O[C@H]4O[C@H](CO[C@H]5O[C@H](CO)[C@@H](O)[C@H](O)[C@@H]5O[C@H]5O[C@H](CO)[C@@H](O)[C@H](O[C@H]6O[C@H](CO)[C@@H](O)[C@H](O)[C@@H]6O)[C@@H]5O)[C@@H](O)[C@H](O)[C@@H]4O[C@H]4O[C@H](CO)[C@@H](O)[C@H](O)[C@@H]4O[C@H]4O[C@H](CO)[C@@H](O)[C@H](O)[C@@H]4O)[C@@H]3O)[C@H](O)[C@H]2NC(C)=O)[C@@H](CO)O[C@H]1O
evenly_high,280,91858902,2,34976,71298026,1.0,CC(=O)N[C@H]1[C@H](O[C@H]2[C@H](O)[C@@H](NC(C)=O)C(O)O[C@@H]2CO)O[C@H](CO)[C@@H](O[C@@H]2O[C@H](CO[C@H]3O[C@H](CO[C@H]4O[C@H](CO)[C@@H](O)[C@H](O)[C@@H]4O)[C@@H](O)[C@H](O[C@H]4O[C@H](CO)[C@@H](O)[C@H](O)[C@@H]4O)[C@@H]3O)[C@@H](O)[C@H](O[C@H]3O[C@H](CO[C@H]4O[C@H](CO)[C@@H](O)[C@H](O)[C@@H]4O[C@H]4O[C@H](CO)[C@@H](O)[C@H](O)[C@@H]4O)[C@@H](O)[C@H](O)[C@@H]3O[C@H]3O[C@H](CO)[C@@H](O)[C@H](O)[C@@H]3O[C@H]3O[C@H](CO)[C@@H](O)[C@H](O)[C@@H]3O)[C@@H]2O)[C@@H]1O
evenly_high,280,91858902,3,33390,91862953,1.0,CC(=O)N[C@@H]1[C@@H](O)[C@H](O[C@@H]2O[C@H](CO)[C@@H](O[C@@H]3O[C@H](CO[C@H]4O[C@H](CO[C@H]5O[C@H](CO)[C@@H](O)[C@H](O)[C@@H]5O[C@H]5O[C@H](CO)[C@@H](O)[C@H](O)[C@@H]5O)[C@@H](O)[C@H](O[C@H]5O[C@H](CO)[C@@H](O)[C@H](O)[C@@H]5O[C@H]5O[C@H](CO)[C@@H](O)[C@H](O)[C@@H]5O)[C@@H]4O)[C@@H](O)[C@H](O[C@H]4O[C@H](CO)[C@@H](O)[C@H](O)[C@@H]4O[C@H]4O[C@H](CO)[C@@H](O)[C@H](O)[C@@H]4O[C@H]4O[C@H](CO)[C@@H](O)[C@H](O[C@H]5O[C@H](CO)[C@@H](O)[C@H](O[C@H]6O[C@H](CO)[C@@H](O)[C@H](O)[C@H]6O)[C@H]5O)[C@@H]4O)[C@@H]3O)[C@H](O)[C@H]2NC(C)=O)[C@@H](CO)O[C@H]1O
evenly_high,280,91858902,4,33765,146672831,1.0,CC(=O)N[C@H]1[C@H](O[C@H]2[C@H](O)[C@@H](NC(C)=O)C(O)O[C@@H]2CO)O[C@H](CO)[C@@H](O[C@@H]2O[C@H](CO[C@H]3O[C@H](CO[C@H]4O[C@H](CO)[C@@H](O)[C@H](O)[C@@H]4O[C@H]4O[C@H](CO)[C@@H](O)[C@H](O)[C@@H]4O)[C@@H](O)[C@H](O[C@H]4O[C@H](CO)[C@@H](O)[C@H](O)[C@@H]4O)[C@@H]3O)[C@@H](O)[C@H](O[C@H]3O[C@H](CO[C@H]4O[C@H](CO[C@H]5O[C@H](CO)[C@@H](O)[C@H](O)[C@@H]5O)[C@@H](O)[C@@H](O)[C@@H]4O)[C@@H](O)[C@H](O)[C@@H]3O[C@H]3O[C@H](CO)[C@@H](O)[C@H](O)[C@@H]3O[C@H]3O[C@H](CO)[C@@H](O)[C@H](O)[C@@H]3O)[C@@H]2O)[C@@H]1O
evenly_high,280,91858902,5,30031,71298025,1.0,CC(=O)N[C@H]1[C@H](O[C@H]2[C@H](O)[C@@H](NC(C)=O)C(O)O[C@@H]2CO)O[C@H](CO)[C@@H](O[C@@H]2O[C@H](CO[C@H]3O[C@H](CO[C@H]4O[C@H](CO)[C@@H](O)[C@H](O)[C@@H]4O[C@H]4O[C@H](CO)[C@@H](O)[C@H](O)[C@@H]4O)[C@@H](O)[C@H](O[C@H]4O[C@H](CO)[C@@H](O)[C@H](O)[C@@H]4O)[C@@H]3O)[C@@H](O)[C@H](O[C@H]3O[C@H](CO[C@H]4O[C@H](CO)[C@@H](O)[C@H](O)[C@@H]4O)[C@@H](O)[C@H](O)[C@@H]3O[C@H]3O[C@H](CO)[C@@H](O)[C@H](O)[C@@H]3O[C@H]3O[C@H](CO)[C@@H](O)[C@H](O)[C@@H]3O)[C@@H]2O)[C@@H]1O
evenly_high,280,91858902,6,29663,71297292,1.0,CC(=O)N[C@H]1[C@H](O[C@H]2[C@H](O)[C@@H](NC(C)=O)C(O)O[C@@H]2CO)O[C@H](CO)[C@@H](O[C@@H]2O[C@H](CO[C@H]3O[C@H](CO[C@H]4O[C@H](CO)[C@@H](O)[C@H](O)[C@@H]4O[C@H]4O[C@H](CO)[C@@H](O)[C@H](O)[C@@H]4O)[C@@H](O)[C@H](O[C@H]4O[C@H](CO)[C@@H](O)[C@H](O)[C@@H]4O[C@H]4O[C@H](CO)[C@@H](O)[C@H](O)[C@@H]4O)[C@@H]3O)[C@@H](O)[C@H](O[C@H]3O[C@H](CO)[C@@H](O)[C@H](O)[C@@H]3O[C@H]3O[C@H](CO)[C@@H](O)[C@H](O)[C@@H]3O[C@H]3O[C@H](CO)[C@@H](O)[C@H](O[C@H]4O[C@H](CO)[C@@H](O)[C@H](O)[C@H]4O)[C@@H]3O)[C@@H]2O)[C@@H]1O
evenly_high,280,91858902,7,31386,71297915,1.0,CC(=O)N[C@H]1[C@H](O[C@H]2[C@H](O)[C@@H](NC(C)=O)C(O)O[C@@H]2CO)O[C@H](CO)[C@@H](O[C@@H]2O[C@H](CO[C@H]3O[C@H](CO[C@H]4O[C@H](CO)[C@@H](O)[C@H](O)[C@@H]4O[C@H]4O[C@H](CO)[C@@H](O)[C@H](O)[C@@H]4O)[C@@H](O)[C@H](O[C@H]4O[C@H](CO)[C@@H](O)[C@H](O)[C@@H]4O)[C@@H]3O)[C@@H](O)[C@H](O[C@H]3O[C@H](CO)[C@@H](O)[C@H](O)[C@@H]3O[C@H]3O[C@H](CO)[C@@H](O)[C@H](O)[C@@H]3O)[C@@H]2O)[C@@H]1O
evenly_high,280,91858902,8,32289,146672644,1.0,CC(=O)N[C@H]1[C@H](O[C@H]2[C@H](O)[C@@H](NC(C)=O)C(O)O[C@@H]2CO)O[C@H](CO)[C@@H](O[C@@H]2O[C@H](CO[C@H]3O[C@H](CO[C@H]4O[C@H](CO)[C@@H](O)[C@H](O)[C@@H]4O[C@H]4O[C@H](CO)[C@@H](O)[C@H](O)[C@@H]4O)[C@@H](O)[C@H](O[C@H]4O[C@H](CO)[C@@H](O)[C@H](O)[C@@H]4O)[C@@H]3O)[C@@H](O)[C@H](O[C@H]3O[C@H](CO[C@H]4O[C@H](CO)[C@@H](O)[C@H](O)[C@@H]4O[C@H]4O[C@H](CO)[C@@H](O)[C@H](O)[C@@H]4O)[C@@H](O)[C@H](O)[C@@H]3O[C@H]3O[C@H](CO)[C@@H](O)[C@H](O)[C@@H]3O[C@H]3O[C@H](CO)[C@@H](O)[C@H](O)[C@H]3O)[C@@H]2O)[C@@H]1O
evenly_high,280,91858902,9,25006,146016277,1.0,CC(=O)N[C@@H]1[C@@H](O)[C@H](O[C@@H]2O[C@H](CO)[C@@H](O[C@@H]3O[C@H](CO[C@H]4O[C@H](CO[C@H]5O[C@H](CO)[C@@H](O)[C@H](O)[C@@H]5O[C@H]5O[C@H](CO)[C@@H](O)[C@H](O)[C@@H]5O)[C@@H](O)[C@H](O[C@H]5O[C@H](CO)[C@@H](O)[C@H](O)[C@@H]5O)[C@@H]4O)[C@@H](O)[C@H](O[C@H]4O[C@H](CO)[C@@H](O)[C@H](O)[C@@H]4O[C@@H]4O[C@H](CO)[C@@H](O[C@@H]5O[C@H](CO)[C@H](O)[C@H](O)[C@H]5O)[C@H](O)[C@H]4NC(C)=O)[C@@H]3O)[C@H](O)[C@H]2NC(C)=O)[C@@H](CO)O[C@H]1O
evenly_high,280,91858902,10,24414,146672639,1.0,CC(=O)N[C@@H]1[C@@H](O)[C@H](O[C@@H]2O[C@H](CO)[C@@H](O[C@@H]3O[C@H](CO[C@H]4O[C@H](CO[C@H]5O[C@H](CO[C@H]6O[C@H](CO)[C@@H](O)[C@H](O)[C@@H]6O[C@H]6O[C@H](CO)[C@@H](O)[C@H](O)[C@@H]6O)[C@@H](O)[C@H](O)[C@@H]5O[C@H]5O[C@H](CO)[C@@H](O)[C@H](O[C@H]6O[C@H](CO)[C@@H](O)[C@H](O)[C@@H]6O)[C@@H]5O)[C@@H](O)[C@H](O[C@H]5O[C@H](CO)[C@@H](O)[C@H](O)[C@@H]5O)[C@@H]4O)[C@@H](O)[C@H](O[C@H]4O[C@H](CO)[C@@H](O)[C@H](O)[C@H]4O[C@H]4O[C@H](CO)[C@@H](O)[C@H](O)[C@@H]4O[C@H]4O[C@H](CO)[C@@H](O)[C@H](O[C@H]5O[C@H](CO)[C@@H](O)[C@H](O)[C@@H]5O)[C@@H]4O)[C@@H]3O)[C@H](O)[C@H]2NC(C)=O)[C@@H](CO)O[C@H]1O
evenly_high,280,91858902,11,22697,71297303,1.0,CC(=O)N[C@H]1[C@H](O[C@H]2[C@H](O)[C@@H](NC(C)=O)C(O)O[C@@H]2CO)O[C@H](CO)[C@@H](O[C@@H]2O[C@H](CO[C@H]3O[C@H](CO[C@H]4O[C@H](CO)[C@@H](O)[C@H](O)[C@@H]4O[C@H]4O[C@H](CO)[C@@H](O)[C@H](O)[C@@H]4O[C@H]4O[C@H](CO)[C@H](O)[C@H](O)[C@H]4O)[C@@H](O)[C@H](O[C@H]4O[C@H](CO)[C@@H](O)[C@H](O)[C@@H]4O[C@H]4O[C@H](CO)[C@@H](O)[C@H](O)[C@@H]4O)[C@@H]3O)[C@@H](O)[C@H](O[C@H]3O[C@H](CO)[C@@H](O)[C@H](O)[C@@H]3O[C@H]3O[C@H](CO)[C@@H](O)[C@H](O)[C@@H]3O[C@H]3O[C@H](CO)[C@@H](O)[C@H](O)[C@@H]3O)[C@@H]2O)[C@@H]1O
evenly_high,280,91858902,12,23824,71297339,1.0,CC(=O)N[C@H]1[C@H](O[C@H]2[C@H](O)[C@@H](NC(C)=O)C(O)O[C@@H]2CO)O[C@H](CO)[C@@H](O[C@@H]2O[C@H](CO[C@H]3O[C@H](CO[C@H]4O[C@H](CO)[C@@H](O)[C@H](O)[C@@H]4O[C@H]4O[C@H](CO)[C@@H](O)[C@H](O)[C@@H]4O)[C@@H](O)[C@H](O[C@H]4O[C@H](CO)[C@@H](O)[C@H](O)[C@@H]4O)[C@@H]3O)[C@@H](O)[C@H](O[C@H]3O[C@H](CO[C@H]4O[C@H](CO[C@H]5O[C@H](CO)[C@@H](O)[C@H](O)[C@@H]5O[C@H]5O[C@H](CO)[C@@H](O)[C@H](O)[C@@H]5O)[C@@H](O)[C@H](O)[C@@H]4O)[C@@H](O)[C@H](O)[C@@H]3O[C@H]3O[C@H](CO)[C@@H](O)[C@H](O)[C@@H]3O[C@H]3O[C@H](CO)[C@@H](O)[C@H](O[C@H]4O[C@H](CO)[C@@H](O)[C@H](O)[C@@H]4O)[C@@H]3O)[C@@H]2O)[C@@H]1O
evenly_high,280,91858902,13,25518,71297345,1.0,CC(=O)N[C@H]1[C@H](O[C@H]2[C@H](O)[C@@H](NC(C)=O)C(O)O[C@@H]2CO)O[C@H](CO)[C@@H](O[C@@H]2O[C@H](CO[C@H]3O[C@H](CO[C@H]4O[C@H](CO)[C@@H](O)[C@H](O)[C@@H]4O[C@H]4O[C@H](CO)[C@@H](O)[C@H](O[C@H]5O[C@H](CO)[C@@H](O)[C@H](O)[C@@H]5O)[C@@H]4O)[C@@H](O)[C@H](O[C@H]4O[C@H](CO)[C@@H](O)[C@H](O)[C@@H]4O)[C@@H]3O)[C@@H](O)[C@H](O[C@H]3O[C@H](CO[C@H]4O[C@H](CO[C@H]5O[C@H](CO)[C@@H](O)[C@H](O)[C@@H]5O)[C@@H](O)[C@H](O)[C@@H]4O)[C@@H](O)[C@H](O)[C@@H]3O[C@H]3O[C@H](CO)[C@@H](O)[C@H](O)[C@@H]3O[C@H]3O[C@H](CO)[C@@H](O)[C@H](O[C@H]4O[C@H](CO)[C@@H](O)[C@H](O)[C@@H]4O)[C@@H]3O)[C@@H]2O)[C@@H]1O
evenly_high,280,91858902,14,25362,91862729,1.0,CC(=O)N[C@@H]1[C@@H](O)[C@H](O[C@@H]2O[C@H](CO)[C@@H](O[C@H]3O[C@H](CO[C@H]4O[C@H](CO[C@H]5O[C@H](CO)[C@@H](O)[C@H](O)[C@@H]5O[C@H]5O[C@H](CO)[C@@H](O)[C@H](O)[C@@H]5O)[C@@H](O)[C@H](O[C@H]5O[C@H](CO)[C@@H](O)[C@H](O)[C@@H]5O[C@H]5O[C@H](CO)[C@@H](O)[C@H](O)[C@@H]5O)[C@@H]4O)[C@@H](O)[C@H](O[C@H]4O[C@H](CO)[C@@H](O)[C@H](O)[C@@H]4O[C@H]4O[C@H](CO)[C@@H](O)[C@H](O)[C@@H]4O[C@H]4O[C@H](CO)[C@@H](O)[C@H](O)[C@@H]4O)[C@@H]3O)[C@H](O)[C@H]2NC(C)=O)[C@@H](CO)O[C@H]1O
evenly_high,280,91858902,15,28164,146016818,1.0,CC(=O)N[C@@H]1[C@@H](O)[C@H](O[C@@H]2O[C@H](CO)[C@@H](O[C@@H]3O[C@H](CO[C@H]4O[C@H](CO[C@H]5O[C@H](CO)[C@@H](O)[C@H](O)[C@@H]5O[C@H]5O[C@H](CO)[C@@H](O)[C@H](O)[C@@H]5O)[C@@H](O)[C@H](O[C@H]5O[C@H](CO)[C@@H](O)[C@H](O)[C@@H]5O)[C@@H]4O)[C@@H](O)[C@H](O[C@H]4O[C@H](CO[C@H]5O[C@H](CO)[C@@H](O)[C@H](O)[C@@H]5O)[C@@H](O)[C@H](O)[C@@H]4O[C@H]4O[C@H](CO)[C@@H](O)[C@H](O)[C@@H]4O)[C@@H]3O)[C@H](O)[C@H]2NC(C)=O)[C@@H](CO)O[C@H]1O
evenly_high,280,91858902,16,28900,15958586,1.0,CC(=O)N[C@@H]1[C@@H](O)[C@H](O[C@@H]2O[C@H](CO)[C@@H](O[C@H]3O[C@H](CO[C@H]4O[C@H](CO[C@H]5O[C@H](CO)[C@@H](O)[C@H](O)[C@@H]5O[C@H]5O[C@H](CO)[C@@H](O)[C@H](O)[C@@H]5O)[C@@H](O)[C@H](O[C@H]5O[C@H](CO)[C@@H](O)[C@H](O)[C@@H]5O)[C@@H]4O)[C@@H](O)[C@H](O[C@H]4O[C@H](CO)[C@@H](O)[C@H](O)[C@@H]4O[C@H]4O[C@H](CO)[C@@H](O)[C@H](O)[C@@H]4O[C@H]4O[C@H](CO)[C@@H](O)[C@H](O)[C@@H]4O)[C@@H]3O)[C@H](O)[C@H]2NC(C)=O)[C@@H](CO)O[C@H]1O
evenly_high,280,91858902,17,14626,91854145,1.0,CC(=O)N[C@H]1[C@H](O[C@H]2[C@H](O)[C@@H](NC(C)=O)C(O)O[C@@H]2CO)O[C@H](CO)[C@@H](O[C@@H]2O[C@H](CO[C@H]3O[C@H](CO[C@H]4O[C@H](CO)[C@@H](O)[C@H](O)[C@@H]4O[C@H]4O[C@H](CO)[C@@H](O)[C@H](O)[C@@H]4O)[C@@H](O)[C@H](O[C@H]4O[C@H](CO)[C@@H](O)[C@H](O)[C@@H]4O[C@H]4O[C@H](CO)[C@@H](O)[C@H](O)[C@@H]4O)[C@@H]3O)[C@@H](O)[C@H](O[C@H]3O[C@H](CO)[C@@H](O)[C@H](O)[C@@H]3O[C@H]3O[C@H](CO)[C@@H](O)[C@H](O)[C@@H]3O[C@H]3O[C@H](CO)[C@@H](O)[C@H](O)[C@@H]3O[C@H]3O[C@H](CO)[C@@H](O)[C@H](O)[C@@H]3O[C@H]3O[C@H](CO)[C@@H](O)[C@H](O)[C@@H]3O)[C@@H]2O)[C@@H]1O
evenly_high,280,91858902,18,14541,91862115,1.0,CC(=O)N[C@@H]1[C@@H](O)[C@H](O[C@@H]2O[C@H](CO)[C@@H](O[C@@H]3O[C@H](CO[C@H]4O[C@H](CO[C@H]5O[C@H](CO)[C@@H](O)[C@H](O)[C@@H]5O[C@H]5O[C@H](CO)[C@@H](O)[C@H](O)[C@@H]5O)[C@@H](O)[C@H](O[C@H]5O[C@H](CO)[C@@H](O)[C@H](O)[C@@H]5O)[C@@H]4O)[C@@H](O)[C@H](O[C@H]4O[C@H](CO)[C@@H](O)[C@H](O)[C@@H]4O[C@H]4O[C@H](CO)[C@@H](O)[C@H](O)[C@@H]4O[C@H]4O[C@H](CO)[C@@H](O)[C@H](O[C@H]5O[C@H](CO)[C@@H](O)[C@H](O[C@H]6O[C@H](CO)[C@@H](O)[C@H](O)[C@H]6O[C@H]6O[C@H](CO)[C@@H](O)[C@H](O)[C@H]6O)[C@H]5O)[C@@H]4O)[C@@H]3O)[C@H](O)[C@H]2NC(C)=O)[C@@H](CO)O[C@H]1O
evenly_high,280,91858902,19,12710,71297297,1.0,CC(=O)N[C@H]1[C@H](O[C@H]2[C@H](O)[C@@H](NC(C)=O)C(O)O[C@@H]2CO)O[C@H](CO)[C@@H](O[C@@H]2O[C@H](CO[C@H]3O[C@H](CO[C@H]4O[C@H](CO)[C@@H](O)[C@H](O)[C@@H]4O[C@H]4O[C@H](CO)[C@@H](O)[C@H](O)[C@@H]4O)[C@@H](O)[C@H](O[C@H]4O[C@H](CO)[C@@H](O)[C@H](O)[C@@H]4O[C@H]4O[C@H](CO)[C@@H](O)[C@H](O)[C@@H]4O)[C@@H]3O)[C@@H](O)[C@H](O[C@H]3O[C@H](CO[C@H]4O[C@H](CO)[C@@H](O)[C@H](O)[C@@H]4O)[C@@H](O)[C@H](O)[C@@H]3O[C@H]3O[C@H](CO)[C@@H](O)[C@H](O)[C@@H]3O[C@H]3O[C@H](CO)[C@@H](O)[C@H](O)[C@@H]3O)[C@@H]2O)[C@@H]1O
evenly_high,280,91858902,20,13007,91854794,1.0,CC(=O)N[C@@H]1[C@@H](O)[C@H](O[C@@H]2O[C@H](CO)[C@@H](O[C@@H]3O[C@H](CO[C@H]4O[C@H](CO[C@H]5O[C@H](CO[C@H]6O[C@H](CO)[C@@H](O)[C@H](O)[C@@H]6O[C@H]6O[C@H](CO)[C@@H](O)[C@H](O)[C@@H]6O)[C@@H](O)[C@H](O)[C@@H]5O[C@H]5O[C@H](CO)[C@@H](O)[C@H](O)[C@@H]5O)[C@@H](O)[C@H](O[C@H]5O[C@H](CO)[C@@H](O)[C@H](O)[C@@H]5O)[C@@H]4O)[C@@H](O)[C@H](O[C@H]4O[C@H](CO)[C@@H](O)[C@H](O)[C@@H]4O[C@H]4O[C@H](CO)[C@@H](O)[C@H](O)[C@@H]4O[C@H]4O[C@H](CO)[C@@H](O)[C@H](O[C@H]5O[C@H](CO)[C@@H](O)[C@H](O)[C@@H]5O)[C@@H]4O)[C@@H]3O)[C@H](O)[C@H]2NC(C)=O)[C@@H](CO)O[C@H]1O
evenly_high,280,91858902,21,5085,71297349,1.0,CC(=O)N[C@H]1[C@H](O[C@H]2[C@H](O)[C@@H](NC(C)=O)C(O)O[C@@H]2CO)O[C@H](CO)[C@@H](O[C@@H]2O[C@H](CO[C@H]3O[C@H](CO[C@H]4O[C@H](CO)[C@@H](O)[C@H](O)[C@@H]4O[C@H]4O[C@H](CO)[C@@H](O)[C@H](O)[C@@H]4O)[C@@H](O)[C@H](O[C@H]4O[C@H](CO)[C@@H](O)[C@H](O)[C@@H]4O)[C@@H]3O)[C@@H](O)[C@H](O[C@H]3O[C@H](CO[C@H]4O[C@H](CO[C@H]5O[C@H](CO[C@H]6O[C@H](CO)[C@@H](O)[C@H](O)[C@@H]6O)[C@@H](O)[C@H](O)[C@@H]5O)[C@@H](O)[C@H](O)[C@@H]4O[C@H]4O[C@H](CO)[C@@H](O)[C@H](O)[C@@H]4O)[C@@H](O)[C@H](O)[C@@H]3O[C@H]3O[C@H](CO)[C@@H](O)[C@H](O)[C@@H]3O[C@H]3O[C@H](CO)[C@@H](O)[C@H](O)[C@@H]3O)[C@@H]2O)[C@@H]1O
evenly_high,280,91858902,22,897,71297300,1.0,CC(=O)N[C@H]1[C@H](O[C@H]2[C@H](O)[C@@H](NC(C)=O)C(O)O[C@@H]2CO)O[C@H](CO)[C@@H](O[C@@H]2O[C@H](CO[C@H]3O[C@H](CO[C@H]4O[C@H](CO)[C@@H](O)[C@H](O)[C@@H]4O)[C@@H](O)[C@H](O[C@H]4O[C@H](CO)[C@@H](O)[C@H](O)[C@@H]4O)[C@@H]3O)[C@@H](O)[C@H](O[C@H]3O[C@H](CO[C@H]4O[C@H](CO)[C@@H](O)[C@H](O)[C@@H]4O[C@H]4O[C@H](CO)[C@@H](O)[C@H](O[C@H]5O[C@H](CO)[C@@H](O)[C@H](O)[C@@H]5O)[C@@H]4O)[C@@H](O)[C@H](O)[C@@H]3O[C@H]3O[C@H](CO)[C@@H](O)[C@H](O)[C@@H]3O[C@H]3O[C@H](CO)[C@@H](O)[C@H](O)[C@@H]3O)[C@@H]2O)[C@@H]1O
evenly_high,280,91858902,23,10125,71297306,1.0,CC(=O)N[C@H]1[C@H](O[C@H]2[C@H](O)[C@@H](NC(C)=O)C(O)O[C@@H]2CO)O[C@H](CO)[C@@H](O[C@@H]2O[C@H](CO[C@H]3O[C@H](CO)[C@@H](O)[C@H](O)[C@@H]3O)[C@@H](O)[C@H](O[C@H]3O[C@H](CO[C@H]4O[C@H](CO)[C@@H](O)[C@H](O)[C@@H]4O[C@H]4O[C@H](CO)[C@@H](O)[C@H](O)[C@@H]4O)[C@@H](O)[C@H](O)[C@@H]3O[C@H]3O[C@H](CO)[C@@H](O)[C@H](O)[C@@H]3O[C@H]3O[C@H](CO)[C@@H](O)[C@H](O[C@H]4O[C@H](CO)[C@@H](O)[C@H](O[C@H]5O[C@H](CO)[C@@H](O)[C@H](O)[C@H]5O[C@H]5O[C@H](CO)[C@@H](O)[C@H](O)[C@H]5O)[C@H]4O)[C@@H]3O)[C@@H]2O)[C@@H]1O
evenly_high,280,91858902,24,12383,91858459,1.0,CC(=O)N[C@@H]1[C@@H](O)[C@H](O[C@@H]2O[C@H](CO)[C@@H](O[C@@H]3O[C@H](CO[C@H]4O[C@H](CO[C@H]5O[C@H](CO)[C@@H](O)[C@H](O)[C@@H]5O[C@H]5O[C@H](CO)[C@@H](O)[C@H](O)[C@@H]5O[C@H]5O[C@H](CO)[C@@H](O)[C@H](O)[C@@H]5O)[C@@H](O)[C@H](O[C@H]5O[C@H](CO)[C@@H](O)[C@H](O)[C@@H]5O)[C@@H]4O)[C@@H](O)[C@H](O[C@H]4O[C@H](CO[C@H]5O[C@H](CO)[C@@H](O)[C@H](O)[C@@H]5O)[C@@H](O)[C@H](O)[C@@H]4O[C@H]4O[C@H](CO)[C@@H](O)[C@H](O)[C@@H]4O[C@H]4O[C@H](CO)[C@@H](O)[C@H](O)[C@@H]4O)[C@@H]3O)[C@H](O)[C@H]2NC(C)=O)[C@@H](CO)O[C@H]1O
evenly_high,280,91858902,25,19770,91855560,1.0,CC(=O)N[C@H]1[C@H](O[C@H]2[C@H](O)[C@@H](NC(C)=O)C(O)O[C@@H]2CO)O[C@H](CO)[C@@H](O[C@@H]2O[C@H](CO[C@H]3O[C@H](CO[C@H]4O[C@H](CO)[C@@H](O)[C@H](O)[C@@H]4O[C@H]4O[C@H](CO)[C@@H](O)[C@H](O)[C@@H]4O)[C@@H](O)[C@H](O)[C@@H]3O)[C@@H](O)[C@H](O[C@H]3O[C@H](CO)[C@@H](O)[C@H](O)[C@@H]3O[C@H]3O[C@H](CO)[C@@H](O)[C@H](O)[C@@H]3O[C@H]3O[C@H](CO)[C@@H](O)[C@H](O[C@H]4O[C@H](CO)[C@@H](O)[C@H](O)[C@H]4O)[C@@H]3O)[C@@H]2O)[C@@H]1O
evenly_high,280,91858902,26,18367,91860463,1.0,CC(=O)N[C@@H]1[C@@H](O)[C@H](O[C@@H]2O[C@H](CO)[C@@H](O[C@@H]3O[C@H](CO[C@H]4O[C@H](CO[C@H]5O[C@H](CO[C@H]6O[C@H](CO)[C@@H](O)[C@H](O)[C@@H]6O)[C@@H](O)[C@H](O)[C@@H]5O[C@H]5O[C@H](CO)[C@@H](O)[C@H](O)[C@@H]5O)[C@@H](O)[C@H](O[C@H]5O[C@H](CO)[C@@H](O)[C@H](O)[C@@H]5O)[C@@H]4O)[C@@H](O)[C@H](O[C@H]4O[C@H](CO)[C@@H](O)[C@H](O)[C@@H]4O[C@H]4O[C@H](CO)[C@@H](O)[C@H](O)[C@@H]4O[C@H]4O[C@H](CO)[C@@H](O)[C@H](O)[C@@H]4O)[C@@H]3O)[C@H](O)[C@H]2NC(C)=O)[C@@H](CO)O[C@H]1O
evenly_high,280,91858902,27,15559,91847483,1.0,CC(=O)N[C@H]1[C@H](O[C@H]2[C@H](O)[C@@H](NC(C)=O)C(O)O[C@@H]2CO)O[C@H](CO)[C@@H](O[C@@H]2O[C@H](CO[C@H]3O[C@H](CO[C@H]4O[C@H](CO)[C@@H](O)[C@H](O)[C@@H]4O[C@H]4O[C@H](CO)[C@@H](O)[C@H](O)[C@@H]4O[C@H]4O[C@H](CO)[C@@H](O)[C@H](O)[C@@H]4O[C@H]4O[C@H](CO)[C@@H](O)[C@H](O)[C@@H]4O)[C@@H](O)[C@H](O[C@H]4O[C@H](CO)[C@@H](O)[C@H](O)[C@@H]4O)[C@@H]3O)[C@@H](O)[C@H](O[C@H]3O[C@H](CO)[C@@H](O)[C@H](O)[C@@H]3O)[C@@H]2O)[C@@H]1O
evenly_high,280,91858902,28,17248,146170812,1.0,CC(=O)N[C@@H]1[C@@H](O)[C@H](O[C@@H]2O[C@H](CO)[C@@H](O[C@@H]3O[C@H](CO[C@H]4O[C@H](CO[C@H]5O[C@H](CO)[C@@H](O)[C@H](O)[C@@H]5O[C@H]5O[C@H](CO)[C@@H](O)[C@H](O)[C@@H]5O)[C@@H](O)[C@H](O[C@H]5O[C@H](CO)[C@@H](O)[C@H](O)[C@@H]5O[C@H]5O[C@H](CO)[C@@H](O)[C@H](O)[C@@H]5O)[C@@H]4O)[C@@H](O)[C@H](O[C@H]4O[C@H](CO[C@H]5O[C@H](CO)[C@@H](O)[C@@H](O)[C@@H]5O[C@H]5O[C@H](CO)[C@@H](O)[C@H](O)[C@@H]5O)[C@@H](O)[C@H](O)[C@@H]4O[C@H]4O[C@H](CO)[C@@H](O)[C@H](O)[C@@H]4O[C@H]4O[C@H](CO)[C@@H](O)[C@H](O)[C@@H]4O)[C@@H]3O)[C@H](O)[C@H]2NC(C)=O)[C@@H](CO)O[C@H]1O
evenly_high,280,91858902,29,20508,91851723,1.0,CC(=O)N[C@@H]1[C@@H](O)[C@H](O[C@@H]2O[C@H](CO)[C@@H](O[C@@H]3O[C@H](CO)[C@@H](O[C@@H]4O[C@H](CO[C@H]5O[C@H](CO[C@H]6O[C@H](CO)[C@@H](O)[C@H](O)[C@@H]6O[C@H]6O[C@H](CO)[C@@H](O)[C@H](O)[C@@H]6O)[C@@H](O)[C@H](O[C@H]6O[C@H](CO)[C@@H](O)[C@H](O)[C@@H]6O)[C@@H]5O)[C@@H](O)[C@H](O[C@H]5O[C@H](CO)[C@@H](O)[C@H](O)[C@@H]5O[C@H]5O[C@H](CO)[C@@H](O)[C@H](O)[C@@H]5O)[C@@H]4O)[C@H](O)[C@H]3NC(C)=O)[C@H](O)[C@H]2NC(C)=O)[C@@H](CO)O[C@H]1O
evenly_high,280,91858902,30,20247,71297329,1.0,CC(=O)N[C@H]1[C@H](O[C@H]2[C@H](O)[C@@H](NC(C)=O)C(O)O[C@@H]2CO)O[C@H](CO)[C@@H](O[C@@H]2O[C@H](CO[C@H]3O[C@H](CO[C@H]4O[C@H](CO)[C@@H](O)[C@H](O)[C@@H]4O)[C@@H](O)[C@H](O[C@H]4O[C@H](CO)[C@@H](O)[C@H](O)[C@@H]4O)[C@@H]3O)[C@@H](O)[C@H](O[C@H]3O[C@H](CO[C@H]4O[C@H](CO)[C@@H](O)[C@H](O)[C@@H]4O[C@H]4O[C@H](CO)[C@@H](O)[C@H](O[C@H]5O[C@H](CO)[C@@H](O)[C@H](O)[C@@H]5O)[C@@H]4O)[C@@H](O)[C@H](O)[C@@H]3O[C@H]3O[C@H](CO)[C@@H](O)[C@H](O)[C@@H]3O[C@H]3O[C@H](CO)[C@@H](O)[C@H](O[C@H]4O[C@H](CO)[C@@H](O)[C@H](O)[C@@H]4O)[C@@H]3O)[C@@H]2O)[C@@H]1O
evenly_high,280,91858902,31,22035,71297304,1.0,CC(=O)N[C@H]1[C@H](O[C@H]2[C@H](O)[C@@H](NC(C)=O)C(O)O[C@@H]2CO)O[C@H](CO)[C@@H](O[C@@H]2O[C@H](CO[C@H]3O[C@H](CO[C@H]4O[C@H](CO)[C@@H](O)[C@H](O)[C@@H]4O[C@H]4O[C@H](CO)[C@@H](O)[C@H](O)[C@@H]4O)[C@@H](O)[C@H](O[C@H]4O[C@H](CO)[C@@H](O)[C@H](O)[C@@H]4O[C@H]4O[C@H](CO)[C@@H](O)[C@H](O)[C@@H]4O[C@H]4O[C@H](CO)[C@H](O)[C@H](O)[C@H]4O)[C@@H]3O)[C@@H](O)[C@H](O[C@H]3O[C@H](CO)[C@@H](O)[C@H](O)[C@@H]3O[C@H]3O[C@H](CO)[C@@H](O)[C@H](O)[C@@H]3O[C@H]3O[C@H](CO)[C@@H](O)[C@H](O)[C@@H]3O)[C@@H]2O)[C@@H]1O
evenly_high,280,91858902,32,22221,91850659,1.0,CC(=O)N[C@@H]1[C@@H](O)[C@H](O[C@@H]2O[C@H](CO)[C@@H](O[C@@H]3O[C@H](CO[C@H]4O[C@H](CO[C@H]5O[C@H](CO)[C@@H](O)[C@H](O)[C@@H]5O[C@H]5O[C@H](CO)[C@@H](O)[C@H](O)[C@@H]5O)[C@@H](O)[C@H](O[C@H]5O[C@H](CO)[C@@H](O)[C@H](O)[C@@H]5O[C@H]5O[C@H](CO)[C@@H](O)[C@H](O)[C@@H]5O)[C@@H]4O)[C@@H](O)[C@H](O[C@H]4O[C@H](CO)[C@@H](O)[C@H](O)[C@@H]4O[C@@H]4O[C@@H](CO)[C@@H](O)[C@H](O)[C@@H]4O)[C@@H]3O)[C@H](O)[C@H]2NC(C)=O)[C@@H](CO)O[C@H]1O
evenly_high,280,91858902,33,47801,91847337,1.0,CC(=O)N[C@@H]1[C@@H](O)[C@H](O[C@@H]2O[C@H](CO)[C@@H](O[C@@H]3O[C@H](CO[C@H]4O[C@H](CO[C@H]5O[C@H](CO[C@H]6O[C@H](CO)[C@@H](O)[C@H](O)[C@@H]6O[C@H]6O[C@H](CO)[C@@H](O)[C@H](O)[C@@H]6O)[C@@H](O)[C@H](O)[C@@H]5O[C@H]5O[C@H](CO)[C@@H](O)[C@H](O)[C@@H]5O)[C@@H](O)[C@H](O[C@H]5O[C@H](CO)[C@@H](O)[C@H](O)[C@@H]5O)[C@@H]4O)[C@@H](O)[C@H](O[C@H]4O[C@H](CO)[C@@H](O)[C@H](O)[C@@H]4O[C@H]4O[C@H](CO)[C@@H](O)[C@H](O)[C@@H]4O[C@H]4O[C@H](CO)[C@@H](O)[C@H](O)[C@@H]4O)[C@@H]3O)[C@H](O)[C@H]2NC(C)=O)[C@@H](CO)O[C@H]1O
evenly_high,280,91858902,34,47312,91848037,1.0,CC(=O)N[C@@H]1[C@@H](O)[C@H](O[C@@H]2O[C@H](CO)[C@@H](O[C@@H]3O[C@H](CO[C@H]4O[C@H](CO[C@H]5O[C@H](CO)[C@@H](O)[C@H](O)[C@@H]5O)[C@@H](O)[C@H](O[C@H]5O[C@H](CO)[C@@H](O)[C@H](O)[C@@H]5O)[C@@H]4O)[C@@H](O)[C@H](O[C@H]4O[C@H](CO[C@H]5O[C@H](CO[C@H]6O[C@H](CO)[C@@H](O)[C@H](O)[C@@H]6O)[C@@H](O)[C@H](O)[C@@H]5O[C@H]5O[C@H](CO)[C@@H](O)[C@H](O[C@H]6O[C@H](CO)[C@@H](O)[C@H](O)[C@@H]6O)[C@@H]5O)[C@@H](O)[C@H](O)[C@@H]4O[C@H]4O[C@H](CO)[C@@H](O)[C@H](O)[C@@H]4O[C@H]4O[C@H](CO)[C@@H](O)[C@H](O[C@H]5O[C@H](CO)[C@@H](O)[C@H](O)[C@@H]5O)[C@@H]4O)[C@@H]3O)[C@H](O)[C@H]2NC(C)=O)[C@@H](CO)O[C@H]1O
evenly_high,280,91858902,35,46032,91854611,1.0,CC(=O)N[C@@H]1[C@@H](O)[C@H](O[C@@H]2O[C@H](CO)[C@@H](O[C@@H]3O[C@H](CO[C@H]4O[C@H](CO[C@H]5O[C@H](CO)[C@@H](O)[C@H](O)[C@@H]5O[C@H]5O[C@H](CO)[C@@H](O)[C@H](O[C@H]6O[C@H](CO)[C@@H](O)[C@H](O)[C@@H]6O)[C@@H]5O)[C@@H](O)[C@H](O[C@H]5O[C@H](CO)[C@@H](O)[C@H](O)[C@@H]5O)[C@@H]4O)[C@@H](O)[C@H](O[C@H]4O[C@H](CO)[C@@H](O)[C@H](O)[C@@H]4O[C@H]4O[C@H](CO)[C@@H](O)[C@H](O)[C@@H]4O[C@H]4O[C@H](CO)[C@@H](O)[C@H](O[C@H]5O[C@H](CO)[C@@H](O)[C@H](O)[C@@H]5O)[C@@H]4O)[C@@H]3O)[C@H](O)[C@H]2NC(C)=O)[C@@H](CO)O[C@H]1O
evenly_high,280,91858902,36,46162,71297989,1.0,CC(=O)N[C@H]1[C@H](O[C@H]2[C@H](O)[C@@H](NC(C)=O)C(O)O[C@@H]2CO)O[C@H](CO)[C@@H](O[C@@H]2O[C@H](CO[C@H]3O[C@H](CO)[C@@H](O)[C@H](O)[C@@H]3O)[C@@H](O)[C@H](O[C@H]3O[C@H](CO[C@H]4O[C@H](CO)[C@@H](O)[C@H](O)[C@@H]4O[C@H]4O[C@H](CO)[C@@H](O)[C@H](O)[C@@H]4O)[C@@H](O)[C@H](O)[C@@H]3O[C@H]3O[C@H](CO)[C@@H](O)[C@H](O)[C@@H]3O[C@H]3O[C@H](CO)[C@@H](O)[C@H](O[C@H]4O[C@H](CO)[C@@H](O)[C@H](O)[C@@H]4O)[C@@H]3O)[C@@H]2O)[C@@H]1O
evenly_high,280,91858902,37,42514,91853455,1.0,CC(=O)N[C@@H]1[C@@H](O)[C@H](O[C@@H]2O[C@H](CO)[C@@H](O[C@@H]3O[C@H](CO[C@H]4O[C@H](CO)[C@@H](O)[C@H](O)[C@@H]4O)[C@@H](O)[C@H](O[C@H]4O[C@H](CO[C@H]5O[C@H](CO)[C@@H](O)[C@H](O)[C@@H]5O[C@H]5O[C@H](CO)[C@@H](O)[C@H](O[C@H]6O[C@H](CO)[C@@H](O)[C@H](O)[C@@H]6O)[C@@H]5O)[C@@H](O)[C@H](O)[C@@H]4O[C@H]4O[C@H](CO)[C@@H](O)[C@H](O)[C@@H]4O[C@H]4O[C@H](CO)[C@@H](O)[C@H](O[C@H]5O[C@H](CO)[C@@H](O)[C@H](O)[C@@H]5O)[C@@H]4O)[C@@H]3O)[C@H](O)[C@H]2NC(C)=O)[C@@H](CO)O[C@H]1O
evenly_high,280,91858902,38,42291,91855639,1.0,CC(=O)N[C@H]1[C@H](O[C@H]2[C@H](O)[C@@H](NC(C)=O)C(O)O[C@@H]2CO)O[C@H](CO)[C@@H](O[C@@H]2O[C@H](CO[C@H]3O[C@H](CO[C@H]4O[C@H](CO)[C@@H](O)[C@H](O)[C@@H]4O[C@H]4O[C@H](CO)[C@@H](O)[C@H](O)[C@@H]4O[C@H]4O[C@H](CO)[C@@H](O)[C@H](O)[C@@H]4O)[C@@H](O)[C@H](O[C@H]4O[C@H](CO)[C@@H](O)[C@H](O)[C@@H]4O)[C@@H]3O)[C@@H](O)[C@H](O[C@H]3O[C@H](CO)[C@@H](O)[C@H](O)[C@@H]3O)[C@@H]2O)[C@@H]1O
evenly_high,280,91858902,39,43171,146170830,1.0,CC(=O)N[C@H]1[C@H](O[C@H]2[C@H](O)[C@@H](NC(C)=O)C(O)O[C@@H]2CO)O[C@H](CO)[C@@H](O[C@@H]2O[C@H](CO[C@H]3O[C@H](CO[C@H]4O[C@H](CO)[C@@H](O)[C@H](O)[C@@H]4O[C@H]4O[C@H](CO)[C@@H](O)[C@H](O)[C@@H]4O)[C@@H](O)[C@H](O[C@H]4O[C@H](CO)[C@@H](O)[C@H](O)[C@@H]4O)[C@@H]3O)[C@@H](O)[C@H](O[C@H]3O[C@H](CO[C@H]4O[C@H](CO[C@H]5O[C@H](CO[C@H]6O[C@H](CO)[C@@H](O)[C@@H](O)[C@@H]6O[C@H]6O[C@H](CO)[C@@H](O)[C@H](O)[C@@H]6O)[C@@H](O)[C@H](O)[C@@H]5O)[C@@H](O)[C@H](O)[C@@H]4O)[C@@H](O)[C@H](O)[C@@H]3O[C@H]3O[C@H](CO)[C@@H](O)[C@H](O)[C@@H]3O[C@H]3O[C@H](CO)[C@@H](O)[C@H](O)[C@@H]3O)[C@@H]2O)[C@@H]1O
evenly_high,280,91858902,40,44276,91858447,1.0,CC(=O)N[C@@H]1[C@@H](O)[C@H](O[C@@H]2O[C@H](CO)[C@@H](O[C@@H]3O[C@H](CO[C@H]4O[C@H](CO[C@H]5O[C@H](CO)[C@@H](O)[C@H](O)[C@@H]5O[C@H]5O[C@H](CO)[C@@H](O)[C@H](O)[C@@H]5O)[C@@H](O)[C@H](O[C@H]5O[C@H](CO)[C@@H](O)[C@H](O)[C@@H]5O[C@H]5O[C@H](CO)[C@@H](O)[C@H](O)[C@@H]5O)[C@@H]4O)[C@@H](O)[C@H](O[C@H]4O[C@H](CO)[C@@H](O)[C@H](O[C@H]5O[C@H](CO)[C@@H](O)[C@H](O)[C@@H]5O[C@H]5O[C@H](CO)[C@@H](O)[C@H](O)[C@@H]5O)[C@@H]4O)[C@@H]3O)[C@H](O)[C@H]2NC(C)=O)[C@@H](CO)O[C@H]1O
evenly_high,280,91858902,41,37677,91860460,1.0,CC(=O)N[C@@H]1[C@@H](O)[C@H](O[C@@H]2O[C@H](CO)[C@@H](O[C@@H]3O[C@H](CO[C@H]4O[C@H](CO[C@H]5O[C@H](CO)[C@@H](O)[C@H](O)[C@@H]5O[C@H]5O[C@H](CO)[C@@H](O[C@@H]6O[C@H](CO)[C@@H](O)[C@H](O)[C@H]6O)[C@H](O)[C@@H]5O)[C@@H](O)[C@H](O[C@H]5O[C@H](CO)[C@@H](O)[C@H](O)[C@@H]5O[C@H]5O[C@H](CO)[C@@H](O[C@@H]6O[C@H](CO)[C@@H](O)[C@H](O)[C@H]6O)[C@H](O)[C@@H]5O)[C@@H]4O)[C@@H](O)[C@H](O[C@H]4O[C@H](CO)[C@@H](O)[C@H](O)[C@@H]4O[C@H]4O[C@H](CO)[C@@H](O)[C@H](O)[C@@H]4O[C@H]4O[C@H](CO)[C@@H](O[C@@H]5O[C@H](CO)[C@@H](O)[C@H](O)[C@H]5O)[C@H](O)[C@@H]4O)[C@@H]3O)[C@H](O)[C@H]2NC(C)=O)[C@@H](CO)O[C@H]1O
evenly_high,280,91858902,42,37259,91846021,1.0,CC(=O)N[C@@H]1[C@@H](O)[C@H](O[C@@H]2O[C@H](CO)[C@@H](O[C@@H]3O[C@H](CO[C@H]4O[C@H](CO[C@H]5O[C@H](CO)[C@@H](O)[C@H](O)[C@@H]5O[C@H]5O[C@H](CO)[C@@H](O)[C@H](O)[C@@H]5O)[C@@H](O)[C@H](O[C@H]5O[C@H](CO)[C@@H](O)[C@H](O)[C@@H]5O[C@H]5O[C@H](CO)[C@@H](O)[C@H](O)[C@@H]5O)[C@@H]4O)[C@@H](O)[C@H](O[C@H]4O[C@H](CO)[C@@H](O)[C@H](O)[C@@H]4O[C@H]4O[C@H](CO)[C@@H](O)[C@H](O)[C@@H]4O[C@H]4O[C@H](CO)[C@@H](O)[C@H](O[C@H]5O[C@H](CO)[C@@H](O)[C@H](O[C@H]6O[C@H](CO)[C@@H](O)[C@H](O[C@H]7O[C@H](CO)[C@@H](O)[C@H](O)[C@H]7O)[C@H]6O)[C@H]5O)[C@@H]4O)[C@@H]3O)[C@H](O)[C@H]2NC(C)=O)[C@@H](CO)O[C@H]1O
evenly_high,280,91858902,43,36151,91847009,1.0,CC(=O)N[C@H]1[C@H](O[C@H]2[C@H](O)[C@@H](NC(C)=O)C(O)O[C@@H]2CO)O[C@H](CO)[C@@H](O[C@@H]2O[C@H](CO)[C@@H](O)[C@H](O[C@H]3O[C@H](CO[C@H]4O[C@H](CO)[C@@H](O)[C@H](O[C@H]5O[C@H](CO[C@H]6O[C@H](CO)[C@@H](O)[C@H](O)[C@@H]6O[C@H]6O[C@H](CO)[C@@H](O)[C@H](O)[C@@H]6O[C@H]6O[C@H](CO)[C@@H](O)[C@H](O)[C@@H]6O)[C@@H](O)[C@H](O)[C@@H]5O)[C@@H]4O)[C@@H](O)[C@H](O)[C@@H]3O)[C@@H]2O)[C@@H]1O
evenly_high,280,91858902,44,36885,71297328,1.0,CC(=O)N[C@H]1[C@H](O[C@H]2[C@H](O)[C@@H](NC(C)=O)C(O)O[C@@H]2CO)O[C@H](CO)[C@@H](O[C@@H]2O[C@H](CO[C@H]3O[C@H](CO[C@H]4O[C@H](CO)[C@@H](O)[C@H](O)[C@@H]4O[C@H]4O[C@H](CO)[C@@H](O)[C@H](O[C@H]5O[C@H](CO)[C@@H](O)[C@H](O)[C@@H]5O)[C@@H]4O)[C@@H](O)[C@H](O[C@H]4O[C@H](CO)[C@@H](O)[C@H](O)[C@@H]4O)[C@@H]3O)[C@@H](O)[C@H](O[C@H]3O[C@H](CO[C@H]4O[C@H](CO)[C@@H](O)[C@H](O)[C@@H]4O)[C@@H](O)[C@H](O)[C@@H]3O[C@H]3O[C@H](CO)[C@@H](O)[C@H](O)[C@@H]3O[C@H]3O[C@H](CO)[C@@H](O)[C@H](O[C@H]4O[C@H](CO)[C@@H](O)[C@H](O)[C@@H]4O)[C@@H]3O)[C@@H]2O)[C@@H]1O
evenly_high,280,91858902,45,39677,91851564,1.0,CC(=O)N[C@@H]1[C@@H](O)[C@H](O[C@@H]2O[C@H](CO)[C@@H](O[C@@H]3O[C@H](CO[C@H]4O[C@H](CO[C@H]5O[C@H](CO)[C@@H](O)[C@H](O)[C@@H]5O[C@H]5O[C@H](CO)[C@@H](O)[C@H](O)[C@@H]5O)[C@@H](O)[C@H](O[C@H]5O[C@H](CO)[C@@H](O)[C@H](O)[C@@H]5O[C@H]5O[C@H](CO)[C@@H](O)[C@H](O)[C@@H]5O)[C@@H]4O)[C@@H](O)[C@H](O[C@H]4O[C@H](CO)[C@@H](O)[C@H](O)[C@@H]4O[C@H]4O[C@H](CO)[C@@H](O)[C@H](O)[C@@H]4O[C@H]4O[C@H](CO)[C@@H](O)[C@H](O[C@H]5O[C@H](CO)[C@@H](O)[C@H](O)[C@H]5O[C@H]5O[C@H](CO)[C@@H](O)[C@H](O)[C@H]5O)[C@@H]4O)[C@@H]3O)[C@H](O)[C@H]2NC(C)=O)[C@@H](CO)O[C@H]1O
evenly_high,280,91858902,46,38036,91858027,1.0,CC(=O)N[C@@H]1[C@@H](O)[C@H](O[C@@H]2O[C@H](CO)[C@@H](O[C@@H]3O[C@H](CO[C@H]4O[C@H](CO[C@H]5O[C@H](CO)[C@@H](O)[C@H](O)[C@@H]5O[C@H]5O[C@H](CO)[C@@H](O)[C@H](O)[C@@H]5O)[C@@H](O)[C@H](O[C@H]5O[C@H](CO)[C@@H](O)[C@H](O)[C@@H]5O)[C@@H]4O)[C@@H](O)[C@H](O[C@H]4O[C@H](CO[C@H]5O[C@H](CO)[C@@H](O)[C@H](O)[C@@H]5O[C@H]5O[C@H](CO)[C@@H](O)[C@H](O)[C@@H]5O)[C@@H](O)[C@H](O)[C@@H]4O[C@H]4O[C@H](CO)[C@@H](O)[C@H](O)[C@@H]4O[C@H]4O[C@H](CO)[C@@H](O)[C@H](O[C@H]5O[C@H](CO)[C@@H](O)[C@H](O)[C@@H]5O)[C@@H]4O)[C@@H]3O)[C@H](O)[C@H]2NC(C)=O)[C@@H](CO)O[C@H]1O
evenly_high,280,91858902,47,41422,91848994,1.0,CC(=O)N[C@@H]1[C@@H](O)[C@H](O[C@@H]2O[C@H](CO)[C@@H](O[C@@H]3O[C@H](CO[C@H]4O[C@H](CO[C@H]5O[C@H](CO)[C@@H](O)[C@H](O)[C@@H]5O[C@H]5O[C@H](CO)[C@@H](O)[C@H](O)[C@@H]5O)[C@@H](O)[C@H](O[C@H]5O[C@H](CO)[C@@H](O)[C@H](O)[C@@H]5O[C@H]5O[C@H](CO)[C@@H](O)[C@H](O)[C@@H]5O)[C@@H]4O)[C@@H](O)[C@H](O[C@H]4O[C@H](CO)[C@@H](O)[C@H](O)[C@@H]4O[C@H]4O[C@H](CO)[C@@H](O)[C@H](O[C@H]5O[C@H](CO)[C@@H](O)[C@H](O)[C@H]5O)[C@@H]4O)[C@@H]3O)[C@H](O)[C@H]2NC(C)=O)[C@@H](CO)O[C@H]1O
evenly_high,280,91858902,48,41513,91861791,1.0,CC(=O)N[C@@H]1[C@@H](O)[C@H](O[C@@H]2O[C@H](CO)[C@@H](O[C@@H]3O[C@H](CO[C@H]4O[C@H](CO[C@H]5O[C@H](CO)[C@@H](O)[C@H](O)[C@@H]5O[C@H]5O[C@H](CO)[C@@H](O)[C@H](O)[C@@H]5O[C@H]5O[C@H](CO)[C@@H](O)[C@H](O)[C@H]5O)[C@@H](O)[C@H](O[C@H]5O[C@H](CO)[C@@H](O)[C@H](O)[C@@H]5O[C@H]5O[C@H](CO)[C@@H](O)[C@H](O)[C@H]5O)[C@@H]4O)[C@@H](O)[C@H](O[C@H]4O[C@H](CO)[C@@H](O)[C@H](O)[C@@H]4O[C@H]4O[C@H](CO)[C@@H](O)[C@H](O)[C@@H]4O[C@H]4O[C@H](CO)[C@@H](O)[C@H](O)[C@@H]4O[C@H]4O[C@H](CO)[C@@H](O)[C@H](O)[C@H]4O)[C@@H]3O)[C@H](O)[C@H]2NC(C)=O)[C@@H](CO)O[C@H]1O
evenly_high,280,91858902,49,47954,91855756,1.0,CC(=O)N[C@@H]1[C@@H](O)[C@H](O[C@@H]2O[C@H](CO)[C@@H](O[C@@H]3O[C@H](CO[C@H]4O[C@H](CO[C@H]5O[C@H](CO)[C@@H](O)[C@H](O)[C@@H]5O[C@H]5O[C@H](CO)[C@@H](O)[C@H](O)[C@@H]5O)[C@@H](O)[C@H](O[C@H]5O[C@H](CO)[C@@H](O)[C@H](O)[C@@H]5O[C@H]5O[C@H](CO)[C@@H](O)[C@H](O)[C@@H]5O)[C@@H]4O)[C@@H](O)[C@H](O[C@H]4O[C@H](CO)[C@@H](O)[C@H](O)[C@@H]4O[C@H]4O[C@H](CO)[C@@H](O)[C@H](O)[C@@H]4O[C@H]4O[C@H](CO)[C@@H](O)[C@H](O[C@H]5O[C@H](CO)[C@@H](O)[C@H](O[C@H]6O[C@H](CO)[C@@H](O)[C@H](O)[C@H]6O[C@H]6O[C@H](CO)[C@@H](O)[C@H](O)[C@H]6O)[C@H]5O)[C@@H]4O)[C@@H]3O)[C@H](O)[C@H]2NC(C)=O)[C@@H](CO)O[C@H]1O
evenly_high,280,91858902,50,47835,91851923,1.0,CC(=O)N[C@H]1[C@H](O[C@H]2[C@H](O)[C@@H](NC(C)=O)C(O)O[C@@H]2CO)O[C@H](CO)[C@@H](O[C@@H]2O[C@H](CO[C@H]3O[C@H](CO)[C@@H](O)[C@H](O)[C@@H]3O[C@H]3O[C@H](CO)[C@@H](O)[C@H](O)[C@@H]3O[C@H]3O[C@H](CO)[C@@H](O)[C@H](O)[C@@H]3O)[C@@H](O)[C@H](O[C@H]3O[C@H](CO[C@H]4O[C@H](CO)[C@@H](O)[C@H](O)[C@@H]4O)[C@@H](O)[C@H](O[C@H]4O[C@H](CO)[C@@H](O)[C@H](O)[C@@H]4O)[C@@H]3O)[C@@H]2O)[C@@H]1O
evenly_high,280,91858902,51,37624,91857782,0.9811320900917053,CC(=O)N[C@H]1[C@H](O[C@H]2[C@H](O)[C@@H](NC(C)=O)C(O)O[C@@H]2CO)O[C@H](CO)[C@@H](O[C@@H]2O[C@H](CO[C@H]3O[C@H](CO)[C@@H](O)[C@H](O)[C@@H]3O[C@H]3O[C@H](CO)[C@@H](O)[C@H](O)[C@@H]3O[C@H]3O[C@H](CO)[C@@H](O)[C@H](O)[C@@H]3O)[C@@H](O)[C@H](O[C@H]3O[C@H](CO[C@H]4O[C@H](CO)[C@@H](O)[C@H](O)[C@@H]4O[C@H]4O[C@H](CO)[C@@H](O)[C@H](O)[C@@H]4O[C@H]4O[C@H](CO)[C@@H](O)[C@H](O)[C@@H]4O)[C@@H](O)[C@H](O[C@H]4O[C@H](CO)[C@@H](O)[C@H](O)[C@@H]4O[C@H]4O[C@H](CO)[C@@H](O)[C@H](O)[C@@H]4O)[C@@H]3O)[C@@H]2O)[C@@H]1O
evenly_high,280,91858902,52,37272,71298023,0.9811320900917053,CC(=O)N[C@H]1[C@H](O[C@H]2[C@H](O)[C@@H](NC(C)=O)C(O)O[C@@H]2CO)O[C@H](CO)[C@@H](O[C@@H]2O[C@H](CO[C@H]3O[C@H](CO)[C@@H](O)[C@H](O)[C@@H]3O[C@H]3O[C@H](CO)[C@@H](O)[C@H](O)[C@@H]3O)[C@@H](O)[C@H](O[C@H]3O[C@H](CO)[C@@H](O)[C@H](O)[C@@H]3O[C@H]3O[C@H](CO)[C@@H](O)[C@H](O)[C@@H]3O[C@H]3O[C@H](CO)[C@@H](O)[C@H](O)[C@@H]3O[C@H]3O[C@H](CO)[C@@H](O)[C@H](O)[C@@H]3O[C@H]3O[C@H](CO)[C@@H](O)[C@H](O)[C@@H]3O[C@H]3O[C@H](CO)[C@@H](O)[C@H](O)[C@@H]3O)[C@@H]2O)[C@@H]1O
evenly_high,280,91858902,53,21219,91847398,0.9811320900917053,CC(=O)N[C@H]1[C@H](O[C@H]2[C@@H](O)[C@@H](CO)O[C@@H](O[C@H]3[C@H](O)[C@@H](NC(C)=O)[C@H](O[C@@H]4[C@@H](OC[C@H]5O[C@@H](O[C@H]6[C@H](O)[C@@H](NC(C)=O)C(O)O[C@@H]6CO)[C@@H](O)[C@@H](O[C@H]6O[C@H](CO)[C@@H](O)[C@H](O)[C@@H]6O[C@@H]6O[C@H](CO)[C@@H](O[C@@H]7O[C@H](CO)[C@H](O)[C@H](O)[C@H]7O)[C@H](O)[C@H]6NC(C)=O)[C@@H]5O)O[C@H](CO)[C@@H](O)[C@@H]4O)O[C@@H]3CO)[C@@H]2O)O[C@H](CO)[C@@H](O[C@@H]2O[C@H](CO)[C@H](O)[C@H](O)[C@H]2O)[C@@H]1O
evenly_high,280,91858902,54,20410,91861295,0.9811320900917053,CC(=O)N[C@H]1[C@H](O[C@H]2[C@H](O)[C@@H](NC(C)=O)C(O)O[C@@H]2CO)O[C@H](CO)[C@@H](O[C@@H]2O[C@H](CO[C@H]3O[C@H](CO)[C@@H](O)[C@H](O)[C@@H]3O[C@@H]3O[C@H](CO)[C@@H](O[C@@H]4O[C@H](CO)[C@H](O)[C@H](O)[C@H]4O)[C@H](O)[C@H]3NC(C)=O)[C@@H](O)[C@H](O[C@H]3O[C@H](CO)[C@@H](O)[C@H](O)[C@@H]3O[C@H]3O[C@H](CO)[C@@H](O)[C@H](O)[C@@H]3O[C@H]3O[C@H](CO)[C@@H](O)[C@H](O)[C@@H]3O[C@H]3O[C@H](CO)[C@@H](O)[C@H](O)[C@@H]3O)[C@@H]2O)[C@@H]1O
evenly_high,280,91858902,55,38784,91854949,0.9811320900917053,CC(=O)N[C@@H]1[C@@H](O)[C@H](O[C@@H]2O[C@H](CO)[C@@H](O[C@@H]3O[C@H](CO[C@H]4O[C@H](CO)[C@@H](O)[C@H](O)[C@@H]4O)[C@@H](O)[C@H](O[C@H]4O[C@H](CO)[C@@H](O)[C@H](O)[C@@H]4O[C@@H]4O[C@H](CO)[C@@H](O[C@@H]5O[C@H](CO)[C@H](O)[C@H](O[C@H]6O[C@H](CO)[C@H](O)[C@H](O)[C@H]6O)[C@H]5O)[C@H](O)[C@H]4NC(C)=O)[C@@H]3O)[C@H](O)[C@H]2NC(C)=O)[C@@H](CO)O[C@H]1O
evenly_high,280,91858902,56,39405,91854933,0.9811320900917053,CC(=O)N[C@@H]1[C@@H](O)[C@H](O[C@@H]2O[C@H](CO)[C@@H](O[C@@H]3O[C@H](CO[C@H]4O[C@H](CO[C@H]5O[C@H](CO)[C@@H](O)[C@H](O)[C@@H]5O[C@H]5O[C@H](CO)[C@@H](O)[C@H](O)[C@@H]5O)[C@@H](O)[C@H](O)[C@@H]4O[C@H]4O[C@H](CO)[C@@H](O)[C@H](O)[C@@H]4O)[C@@H](O)[C@H](O[C@H]4O[C@H](CO)[C@@H](O)[C@H](O)[C@@H]4O[C@H]4O[C@H](CO)[C@@H](O)[C@H](O)[C@@H]4O)[C@@H]3O)[C@H](O)[C@H]2NC(C)=O)[C@@H](CO)O[C@H]1O
evenly_high,280,91858902,57,18707,91858711,0.9811320900917053,CC(=O)N[C@@H]1[C@@H](O)[C@H](O[C@@H]2O[C@H](CO)[C@@H](O[C@@H]3O[C@H](CO[C@H]4O[C@H](CO)[C@@H](O)[C@H](O)[C@@H]4O[C@H]4O[C@H](CO)[C@@H](O)[C@H](O)[C@@H]4O[C@H]4O[C@H](CO)[C@@H](O)[C@H](O)[C@@H]4O)[C@@H](O)[C@H](O[C@H]4O[C@H](CO)[C@@H](O)[C@H](O)[C@@H]4O[C@H]4O[C@H](CO)[C@@H](O)[C@H](O)[C@@H]4O[C@H]4O[C@H](CO)[C@@H](O)[C@H](O)[C@@H]4O[C@H]4O[C@H](CO)[C@@H](O)[C@H](O)[C@@H]4O[C@H]4O[C@H](CO)[C@@H](O)[C@H](O)[C@@H]4O[C@H]4O[C@H](CO)[C@@H](O)[C@H](O)[C@@H]4O)[C@@H]3O)[C@H](O)[C@H]2NC(C)=O)[C@@H](CO)O[C@H]1O
evenly_high,280,91858902,58,17186,91851850,0.9811320900917053,CC(=O)N[C@@H]1[C@@H](O)[C@H](O[C@@H]2O[C@H](CO)[C@@H](O[C@@H]3O[C@H](CO[C@H]4O[C@H](CO[C@H]5O[C@H](CO)[C@@H](O)[C@H](O)[C@@H]5O)[C@@H](O)[C@H](O)[C@@H]4O)[C@@H](O)[C@H](O[C@H]4O[C@H](CO)[C@@H](O)[C@H](O)[C@@H]4O[C@@H]4O[C@H](CO)[C@@H](O[C@@H]5O[C@H](CO)[C@H](O)[C@H](O[C@H]6O[C@H](CO)[C@H](O)[C@H](O)[C@H]6O)[C@H]5O)[C@H](O)[C@H]4NC(C)=O)[C@@H]3O)[C@H](O)[C@H]2NC(C)=O)[C@@H](CO)O[C@H]1O
evenly_high,280,91858902,59,13193,91855356,0.9811320900917053,CC(=O)N[C@H]1[C@H](O[C@H]2[C@H](O)[C@@H](NC(C)=O)C(O)O[C@@H]2CO)O[C@H](CO)[C@@H](O[C@@H]2O[C@H](CO[C@H]3O[C@H](CO)[C@@H](O)[C@H](O[C@H]4O[C@H](CO)[C@@H](O)[C@H](O)[C@@H]4O[C@H]4O[C@H](CO)[C@@H](O)[C@H](O)[C@@H]4O)[C@@H]3O)[C@@H](O)[C@H](O[C@H]3O[C@H](CO)[C@@H](O)[C@H](O)[C@@H]3O)[C@@H]2O)[C@@H]1O
evenly_high,280,91858902,60,15193,91856117,0.9811320900917053,CC(=O)N[C@@H]1[C@@H](O)[C@H](O[C@@H]2O[C@H](CO)[C@@H](O[C@@H]3O[C@H](CO[C@H]4O[C@H](CO[C@H]5O[C@H](CO)[C@@H](O)[C@H](O)[C@@H]5O)[C@@H](O)[C@H](O[C@H]5O[C@H](CO)[C@@H](O)[C@H](O)[C@@H]5O)[C@@H]4O)[C@@H](O)[C@H](O[C@H]4O[C@H](CO)[C@@H](O)[C@H](O[C@H]5O[C@H](CO)[C@@H](O)[C@H](O[C@H]6O[C@H](CO)[C@@H](O)[C@H](O)[C@H]6O[C@H]6O[C@H](CO)[C@@H](O)[C@H](O)[C@H]6O)[C@H]5O)[C@@H]4O)[C@@H]3O)[C@H](O)[C@H]2NC(C)=O)[C@@H](CO)O[C@H]1O
evenly_high,280,91858902,61,19168,71298027,0.9811320900917053,CC(=O)N[C@H]1[C@H](O[C@H]2[C@H](O)[C@@H](NC(C)=O)C(O)O[C@@H]2CO)O[C@H](CO)[C@@H](O[C@@H]2O[C@H](CO[C@H]3O[C@H](CO[C@H]4O[C@H](CO)[C@@H](O)[C@H](O)[C@@H]4O)[C@@H](O)[C@H](O[C@H]4O[C@H](CO)[C@@H](O)[C@H](O)[C@@H]4O)[C@@H]3O)[C@@H](O)[C@H](O[C@H]3O[C@H](CO[C@H]4O[C@H](CO)[C@@H](O)[C@H](O)[C@@H]4O)[C@@H](O)[C@H](O)[C@@H]3O[C@H]3O[C@H](CO)[C@@H](O)[C@H](O)[C@@H]3O[C@H]3O[C@H](CO)[C@@H](O)[C@H](O[C@H]4O[C@H](CO)[C@@H](O)[C@H](O)[C@@H]4O)[C@@H]3O)[C@@H]2O)[C@@H]1O
evenly_high,280,91858902,62,18989,146017646,0.9811320900917053,CC(=O)N[C@@H]1[C@@H](O)[C@H](O[C@@H]2O[C@H](CO)[C@@H](O[C@@H]3O[C@H](CO[C@H]4O[C@H](CO)[C@@H](O)[C@H](O)[C@@H]4O[C@@H]4O[C@H](CO)[C@@H](O[C@@H]5O[C@H](CO)[C@H](O)[C@H](O[C@@H]6O[C@H](CO)[C@@H](O[C@@H]7O[C@H](CO)[C@H](O)[C@H](O[C@@H]8O[C@H](CO)[C@@H](O[C@@H]9O[C@H](CO)[C@H](O)[C@H](O[C@@H]%10O[C@H](CO)[C@@H](O[C@@H]%11O[C@H](CO)[C@H](O)[C@H](O[C@@H]%12O[C@H](CO)[C@@H](O[C@@H]%13O[C@H](CO)[C@H](O)[C@H](O[C@@H]%14O[C@H](CO)[C@@H](O[C@@H]%15O[C@H](CO)[C@H](O)[C@H](O)[C@H]%15O)[C@H](O)[C@H]%14NC(C)=O)[C@H]%13O)[C@H](O)[C@H]%12NC(C)=O)[C@H]%11O)[C@H](O)[C@H]%10NC(C)=O)[C@H]9O)[C@H](O)[C@H]8NC(C)=O)[C@H]7O)[C@H](O)[C@H]6NC(C)=O)[C@H]5O)[C@H](O)[C@H]4NC(C)=O)[C@@H](O)[C@H](O[C@H]4O[C@H](CO)[C@@H](O)[C@H](O)[C@@H]4O[C@@H]4O[C@H](CO)[C@@H](O[C@@H]5O[C@H](CO)[C@H](O)[C@H](O[C@@H]6O[C@H](CO)[C@@H](O[C@@H]7O[C@H](CO)[C@H](O)[C@H](O[C@@H]8O[C@H](CO)[C@@H](O[C@@H]9O[C@H](CO)[C@H](O)[C@H](O[C@@H]%10O[C@H](CO)[C@@H](O[C@@H]%11O[C@H](CO)[C@H](O)[C@H](O[C@@H]%12O[C@H](CO)[C@@H](O[C@@H]%13O[C@H](CO)[C@H](O)[C@H](O[C@@H]%14O[C@H](CO)[C@@H](O[C@@H]%15O[C@H](CO)[C@H](O)[C@H](O)[C@H]%15O)[C@H](O)[C@H]%14NC(C)=O)[C@H]%13O)[C@H](O)[C@H]%12NC(C)=O)[C@H]%11O)[C@H](O)[C@H]%10NC(C)=O)[C@H]9O)[C@H](O)[C@H]8NC(C)=O)[C@H]7O)[C@H](O)[C@H]6NC(C)=O)[C@H]5O)[C@H](O)[C@H]4NC(C)=O)[C@@H]3O)[C@H](O)[C@H]2NC(C)=O)[C@@H](CO)O[C@H]1O
evenly_high,280,91858902,63,23557,91850842,0.9811320900917053,CC(=O)N[C@@H]1[C@@H](O)[C@H](O[C@@H]2O[C@H](CO)[C@@H](O[C@@H]3O[C@H](CO[C@H]4O[C@H](CO)[C@@H](O)[C@H](O)[C@@H]4O[C@@H]4O[C@H](CO)[C@@H](O[C@@H]5O[C@H](CO)[C@H](O)[C@H](O[C@@H]6O[C@H](CO)[C@@H](O[C@@H]7O[C@H](CO)[C@H](O)[C@H](O)[C@H]7O)[C@H](O)[C@H]6NC(C)=O)[C@H]5O)[C@H](O)[C@H]4NC(C)=O)[C@@H](O)[C@H](O[C@H]4O[C@H](CO)[C@@H](O)[C@H](O)[C@@H]4O[C@@H]4O[C@H](CO)[C@@H](O[C@@H]5O[C@H](CO)[C@H](O)[C@H](O[C@@H]6O[C@H](CO)[C@@H](O[C@@H]7O[C@H](CO)[C@H](O)[C@H](O)[C@H]7O)[C@H](O)[C@H]6NC(C)=O)[C@H]5O)[C@H](O)[C@H]4NC(C)=O)[C@@H]3O)[C@H](O)[C@H]2NC(C)=O)[C@@H](CO)O[C@H]1O
evenly_high,280,91858902,64,23714,71298000,0.9811320900917053,CC(=O)N[C@H]1[C@H](O[C@H]2[C@H](O)[C@@H](NC(C)=O)C(O)O[C@@H]2CO)O[C@H](CO)[C@@H](O[C@@H]2O[C@H](CO[C@H]3O[C@H](CO)[C@@H](O)[C@H](O)[C@@H]3O[C@@H]3O[C@H](CO)[C@@H](O[C@@H]4O[C@H](CO)[C@H](O)[C@H](O[C@@H]5O[C@H](CO)[C@H](O)[C@H](O)[C@H]5O)[C@H]4O)[C@H](O)[C@H]3NC(C)=O)[C@@H](O)[C@H](O[C@H]3O[C@H](CO)[C@@H](O)[C@H](O)[C@@H]3O[C@@H]3O[C@H](CO)[C@@H](O[C@@H]4O[C@H](CO)[C@H](O)[C@H](O[C@@H]5O[C@H](CO)[C@@H](O[C@@H]6O[C@H](CO)[C@H](O)[C@H](O[C@@H]7O[C@H](CO)[C@@H](O[C@@H]8O[C@H](CO)[C@H](O)[C@H](O)[C@H]8O)[C@H](O)[C@H]7NC(C)=O)[C@H]6O)[C@H](O)[C@H]5NC(C)=O)[C@H]4O)[C@H](O)[C@H]3NC(C)=O)[C@@H]2O)[C@@H]1O
evenly_high,280,91858902,65,8457,71298033,0.9811320900917053,CC(=O)N[C@H]1[C@H](O[C@H]2[C@H](O)[C@@H](NC(C)=O)C(O)O[C@@H]2CO)O[C@H](CO)[C@@H](O[C@@H]2O[C@H](CO[C@H]3O[C@H](CO)[C@@H](O)[C@H](O[C@H]4O[C@H](CO)[C@@H](O)[C@H](O)[C@@H]4O[C@H]4O[C@H](CO)[C@@H](O)[C@H](O)[C@@H]4O)[C@@H]3O)[C@@H](O)[C@H](O[C@H]3O[C@H](CO)[C@@H](O)[C@H](O)[C@@H]3O[C@H]3O[C@H](CO)[C@@H](O)[C@H](O)[C@@H]3O[C@H]3O[C@H](CO)[C@@H](O)[C@H](O[C@H]4O[C@H](CO)[C@@H](O)[C@H](O[C@H]5O[C@H](CO)[C@@H](O)[C@H](O)[C@H]5O)[C@H]4O)[C@@H]3O)[C@@H]2O)[C@@H]1O
evenly_high,280,91858902,66,7596,91848566,0.9811320900917053,CC(=O)N[C@@H]1[C@@H](O)[C@H](O[C@@H]2O[C@H](CO)[C@@H](O[C@@H]3O[C@H](CO[C@H]4O[C@H](CO[C@H]5O[C@H](CO)[C@@H](O)[C@H](O)[C@@H]5O)[C@@H](O)[C@H](O[C@H]5O[C@H](CO)[C@@H](O)[C@H](O)[C@@H]5O)[C@@H]4O)[C@@H](O)[C@H](O[C@H]4O[C@H](CO[C@H]5O[C@H](CO)[C@@H](O)[C@H](O)[C@@H]5O)[C@@H](O)[C@H](O)[C@@H]4O[C@H]4O[C@H](CO)[C@@H](O)[C@H](O)[C@@H]4O)[C@@H]3O)[C@H](O)[C@H]2NC(C)=O)[C@@H](CO)O[C@H]1O
evenly_high,280,91858902,67,4972,91849438,0.9811320900917053,CC(=O)N[C@@H]1[C@@H](O)[C@H](O[C@@H]2O[C@H](CO)[C@@H](O[C@@H]3O[C@H](CO[C@H]4O[C@H](CO)[C@@H](O)[C@H](O[C@H]5O[C@H](CO)[C@@H](O)[C@H](O)[C@@H]5O[C@H]5O[C@H](CO)[C@@H](O)[C@H](O)[C@@H]5O)[C@@H]4O)[C@@H](O)[C@H](O[C@H]4O[C@H](CO)[C@@H](O)[C@H](O[C@H]5O[C@H](CO)[C@@H](O)[C@H](O)[C@@H]5O)[C@@H]4O)[C@@H]3O)[C@H](O)[C@H]2NC(C)=O)[C@@H](CO)O[C@H]1O
evenly_high,280,91858902,68,4954,91853855,0.9811320900917053,CC(=O)N[C@@H]1[C@@H](O)[C@H](O[C@@H]2O[C@H](CO)[C@@H](O[C@@H]3O[C@H](CO[C@H]4O[C@H](CO)[C@@H](O)[C@H](O)[C@@H]4O[C@@H]4O[C@H](CO)[C@@H](O[C@@H]5O[C@H](CO)[C@H](O)[C@H](O[C@@H]6O[C@H](CO)[C@@H](O[C@@H]7O[C@H](CO)[C@H](O)[C@H](O)[C@H]7O)[C@H](O)[C@H]6NC(C)=O)[C@H]5O)[C@H](O)[C@H]4NC(C)=O)[C@@H](O)[C@H](O[C@H]4O[C@H](CO)[C@@H](O)[C@H](O)[C@@H]4O[C@@H]4O[C@H](CO)[C@@H](O[C@@H]5O[C@H](CO)[C@H](O)[C@H](O)[C@H]5O)[C@H](O)[C@H]4NC(C)=O)[C@@H]3O)[C@H](O)[C@H]2NC(C)=O)[C@@H](CO)O[C@H]1O
evenly_high,280,91858902,69,346,91847108,0.9811320900917053,CC(=O)N[C@@H]1[C@@H](O)[C@H](O[C@@H]2O[C@H](CO)[C@@H](O[C@@H]3O[C@H](CO[C@H]4O[C@H](CO[C@H]5O[C@H](CO)[C@@H](O)[C@H](O)[C@@H]5O)[C@@H](O)[C@H](O[C@H]5O[C@H](CO)[C@@H](O)[C@H](O)[C@@H]5O)[C@@H]4O)[C@@H](O)[C@H](O[C@H]4O[C@H](CO)[C@@H](O)[C@H](O)[C@@H]4O[C@@H]4O[C@H](CO)[C@@H](O[C@@H]5O[C@H](CO)[C@H](O)[C@H](O)[C@H]5O)[C@H](O)[C@H]4NC(C)=O)[C@@H]3O)[C@H](O)[C@H]2NC(C)=O)[C@@H](CO)O[C@H]1O
evenly_high,280,91858902,70,959,91862647,0.9811320900917053,CC(=O)N[C@@H]1[C@@H](O)[C@H](O[C@@H]2O[C@H](CO)[C@@H](O[C@@H]3O[C@H](CO[C@H]4O[C@H](CO)[C@@H](O)[C@H](O)[C@@H]4O[C@@H]4O[C@H](CO)[C@@H](O[C@@H]5O[C@H](CO)[C@H](O)[C@H](O[C@@H]6O[C@H](CO)[C@H](O)[C@H](O)[C@H]6O)[C@H]5O)[C@H](O)[C@H]4NC(C)=O)[C@@H](O)[C@H](O[C@H]4O[C@H](CO)[C@@H](O)[C@H](O)[C@@H]4O[C@@H]4O[C@H](CO)[C@@H](O[C@@H]5O[C@H](CO)[C@H](O)[C@H](O[C@@H]6O[C@H](CO)[C@@H](O[C@@H]7O[C@H](CO)[C@H](O)[C@H](O[C@@H]8O[C@H](CO)[C@@H](O[C@@H]9O[C@H](CO)[C@H](O)[C@H](O[C@@H]%10O[C@H](CO)[C@@H](O[C@@H]%11O[C@H](CO)[C@H](O)[C@H](O)[C@H]%11O)[C@H](O)[C@H]%10NC(C)=O)[C@H]9O)[C@H](O)[C@H]8NC(C)=O)[C@H]7O)[C@H](O)[C@H]6NC(C)=O)[C@H]5O)[C@H](O)[C@H]4NC(C)=O)[C@@H]3O)[C@H](O)[C@H]2NC(C)=O)[C@@H](CO)O[C@H]1O
evenly_high,280,91858902,71,2040,71297922,0.9811320900917053,CC(=O)N[C@H]1[C@H](O[C@H]2[C@H](O)[C@@H](NC(C)=O)C(O)O[C@@H]2CO)O[C@H](CO)[C@@H](O[C@@H]2O[C@H](CO[C@H]3O[C@H](CO)[C@@H](O)[C@H](O)[C@@H]3O)[C@@H](O)[C@H](O[C@H]3O[C@H](CO)[C@@H](O)[C@H](O)[C@@H]3O[C@H]3O[C@H](CO)[C@@H](O)[C@H](O)[C@@H]3O[C@H]3O[C@H](CO)[C@@H](O)[C@H](O[C@H]4O[C@H](CO)[C@@H](O)[C@H](O[C@H]5O[C@H](CO)[C@@H](O)[C@H](O)[C@H]5O)[C@H]4O)[C@@H]3O)[C@@H]2O)[C@@H]1O
evenly_high,280,91858902,72,3018,91855372,0.9811320900917053,CC(=O)N[C@@H]1[C@@H](O)[C@H](O[C@@H]2O[C@H](CO[C@H]3O[C@H](CO[C@H]4O[C@H](CO)[C@@H](O)[C@H](O)[C@@H]4O)[C@@H](O)[C@H](O[C@H]4O[C@H](CO)[C@@H](O)[C@H](O)[C@@H]4O)[C@@H]3O)[C@@H](O)[C@H](O[C@H]3O[C@H](CO)[C@@H](O)[C@H](O)[C@@H]3O[C@@H]3O[C@H](CO)[C@@H](O[C@@H]4O[C@H](CO)[C@H](O)[C@H](O[C@H]5O[C@H](CO)[C@H](O)[C@H](O)[C@H]5O)[C@H]4O)[C@H](O)[C@H]3NC(C)=O)[C@@H]2O)[C@@H](CO)O[C@H]1O
evenly_high,280,91858902,73,9479,91851854,0.9811320900917053,CC(=O)N[C@@H]1[C@@H](O)[C@H](O[C@@H]2O[C@H](CO)[C@@H](O[C@@H]3O[C@H](CO[C@H]4O[C@H](CO[C@H]5O[C@H](CO)[C@@H](O)[C@H](O)[C@@H]5O)[C@@H](O)[C@H](O[C@H]5O[C@H](CO)[C@@H](O)[C@H](O)[C@@H]5O[C@H]5O[C@H](CO)[C@@H](O)[C@H](O)[C@@H]5O[C@H]5O[C@H](CO)[C@@H](O)[C@H](O)[C@@H]5O)[C@@H]4O)[C@@H](O)[C@H](O[C@H]4O[C@H](CO)[C@@H](O)[C@H](O)[C@@H]4O)[C@@H]3O)[C@H](O)[C@H]2NC(C)=O)[C@@H](CO)O[C@H]1O
evenly_high,280,91858902,74,8736,71298024,0.9811320900917053,CC(=O)N[C@H]1[C@H](O[C@H]2[C@H](O)[C@@H](NC(C)=O)C(O)O[C@@H]2CO)O[C@H](CO)[C@@H](O[C@@H]2O[C@H](CO[C@H]3O[C@H](CO)[C@@H](O)[C@H](O)[C@@H]3O[C@H]3O[C@H](CO)[C@@H](O)[C@H](O)[C@@H]3O[C@H]3O[C@H](CO)[C@@H](O)[C@H](O)[C@@H]3O)[C@@H](O)[C@H](O[C@H]3O[C@H](CO)[C@@H](O)[C@H](O)[C@@H]3O[C@H]3O[C@H](CO)[C@@H](O)[C@H](O)[C@@H]3O[C@H]3O[C@H](CO)[C@@H](O)[C@H](O)[C@@H]3O[C@H]3O[C@H](CO)[C@@H](O)[C@H](O)[C@@H]3O[C@H]3O[C@H](CO)[C@@H](O)[C@H](O)[C@@H]3O)[C@@H]2O)[C@@H]1O
evenly_high,280,91858902,75,5470,91857423,0.9811320900917053,CC(=O)N[C@@H]1[C@@H](O)[C@H](O[C@@H]2O[C@H](CO)[C@@H](O[C@@H]3O[C@H](CO[C@H]4O[C@H](CO)[C@@H](O)[C@H](O)[C@@H]4O[C@H]4O[C@H](CO)[C@@H](O)[C@H](O)[C@@H]4O[C@H]4O[C@H](CO)[C@@H](O)[C@H](O[C@H]5O[C@H](CO)[C@@H](O)[C@H](O)[C@H]5O)[C@@H]4O)[C@@H](O)[C@H](O[C@H]4O[C@H](CO[C@H]5O[C@H](CO)[C@@H](O)[C@H](O)[C@@H]5O[C@H]5O[C@H](CO)[C@@H](O)[C@H](O)[C@@H]5O)[C@@H](O)[C@H](O[C@H]5O[C@H](CO)[C@@H](O)[C@H](O)[C@@H]5O[C@H]5O[C@H](CO)[C@@H](O)[C@H](O)[C@@H]5O)[C@@H]4O)[C@@H]3O)[C@H](O)[C@H]2NC(C)=O)[C@@H](CO)O[C@H]1O
evenly_high,280,91858902,76,5780,71297778,0.9811320900917053,CC(=O)N[C@H]1[C@H](O[C@H]2[C@H](O)[C@@H](NC(C)=O)C(O)O[C@@H]2CO)O[C@H](CO)[C@@H](O[C@@H]2O[C@H](CO[C@H]3O[C@H](CO[C@H]4O[C@H](CO)[C@@H](O)[C@H](O)[C@@H]4O[C@H]4O[C@H](CO)[C@@H](O)[C@H](O)[C@@H]4O)[C@@H](O)[C@H](O[C@H]4O[C@H](CO)[C@@H](O)[C@H](O)[C@@H]4O)[C@@H]3O)[C@@H](O)[C@H](O[C@H]3O[C@H](CO)[C@@H](O)[C@H](O)[C@@H]3O)[C@@H]2O)[C@@H]1O
evenly_high,280,91858902,77,9637,91853148,0.9811320900917053,CC(=O)N[C@@H]1[C@@H](O)[C@H](O[C@@H]2O[C@H](CO)[C@@H](O[C@@H]3O[C@H](CO[C@H]4O[C@H](CO[C@H]5O[C@H](CO)[C@@H](O)[C@H](O)[C@@H]5O)[C@@H](O)[C@H](O[C@H]5O[C@H](CO)[C@@H](O)[C@H](O)[C@@H]5O[C@H]5O[C@H](CO)[C@@H](O)[C@H](O)[C@@H]5O)[C@@H]4O)[C@@H](O)[C@H](O[C@H]4O[C@H](CO)[C@@H](O)[C@H](O)[C@@H]4O)[C@@H]3O)[C@H](O)[C@H]2NC(C)=O)[C@@H](CO)O[C@H]1O
evenly_high,280,91858902,78,11651,91828225,0.9811320900917053,CC(=O)N[C@@H]1[C@@H](O)[C@H](O[C@@H]2O[C@H](CO)[C@@H](O[C@@H]3O[C@H](CO[C@H]4O[C@H](CO)[C@@H](O)[C@H](O)[C@@H]4O[C@@H]4O[C@H](CO)[C@@H](O[C@@H]5O[C@H](CO)[C@H](O[C@H]6O[C@H](CO)[C@H](O)[C@H](O)[C@H]6O)[C@H](O)[C@H]5O)[C@H](O)[C@H]4NC(C)=O)[C@@H](O)[C@H](O[C@H]4O[C@H](CO)[C@@H](O)[C@H](O)[C@@H]4O[C@@H]4O[C@H](CO)[C@@H](O[C@@H]5O[C@H](CO)[C@H](O[C@H]6O[C@H](CO)[C@H](O)[C@H](O)[C@H]6O)[C@H](O)[C@H]5O)[C@H](O)[C@H]4NC(C)=O)[C@@H]3O)[C@H](O)[C@H]2NC(C)=O)[C@@H](CO)O[C@H]1O
evenly_high,280,91858902,79,19643,91857549,0.9811320900917053,CC(=O)N[C@@H]1[C@@H](O)[C@H](O[C@@H]2O[C@H](CO)[C@@H](O[C@@H]3O[C@H](CO[C@H]4O[C@H](CO[C@H]5O[C@H](CO)[C@@H](O)[C@H](O)[C@@H]5O)[C@@H](O)[C@H](O[C@H]5O[C@H](CO)[C@@H](O)[C@H](O)[C@@H]5O[C@H]5O[C@H](CO)[C@@H](O)[C@H](O)[C@@H]5O[C@H]5O[C@H](CO)[C@@H](O)[C@H](O)[C@@H]5O[C@H]5O[C@H](CO)[C@@H](O)[C@H](O)[C@@H]5O)[C@@H]4O)[C@@H](O)[C@H](O[C@H]4O[C@H](CO)[C@@H](O)[C@H](O)[C@@H]4O)[C@@H]3O)[C@H](O)[C@H]2NC(C)=O)[C@@H](CO)O[C@H]1O
evenly_high,280,91858902,80,19944,91859203,0.9811320900917053,CC(=O)N[C@H]1[C@H](O[C@H]2[C@@H](O)[C@@H](CO)O[C@@H](O[C@H]3[C@H](O)[C@@H](NC(C)=O)[C@H](O[C@H]4[C@@H](O)[C@@H](CO)O[C@@H](O[C@H]5[C@H](O)[C@@H](NC(C)=O)[C@H](O[C@@H]6[C@@H](OC[C@H]7O[C@@H](O[C@H]8[C@H](O)[C@@H](NC(C)=O)C(O)O[C@@H]8CO)[C@@H](O)[C@@H](O[C@H]8O[C@H](CO)[C@@H](O)[C@H](O)[C@@H]8O[C@@H]8O[C@H](CO)[C@@H](O[C@@H]9O[C@H](CO)[C@H](O)[C@H](O[C@@H]%10O[C@H](CO)[C@@H](O[C@@H]%11O[C@H](CO)[C@H](O)[C@H](O[C@@H]%12O[C@H](CO)[C@@H](O[C@@H]%13O[C@H](CO)[C@H](O)[C@H](O)[C@H]%13O)[C@H](O)[C@H]%12NC(C)=O)[C@H]%11O)[C@H](O)[C@H]%10NC(C)=O)[C@H]9O)[C@H](O)[C@H]8NC(C)=O)[C@@H]7O)O[C@H](CO)[C@@H](O)[C@@H]6O)O[C@@H]5CO)[C@@H]4O)O[C@@H]3CO)[C@@H]2O)O[C@H](CO)[C@@H](O[C@@H]2O[C@H](CO)[C@H](O)[C@H](O)[C@H]2O)[C@@H]1O
evenly_high,280,91858902,81,31482,91857174,0.9811320900917053,CC(=O)N[C@@H]1[C@@H](O)[C@H](O[C@@H]2O[C@H](CO)[C@@H](O[C@@H]3O[C@H](CO[C@H]4O[C@H](CO[C@H]5O[C@H](CO)[C@@H](O)[C@H](O)[C@@H]5O[C@H]5O[C@H](CO)[C@@H](O)[C@H](O)[C@@H]5O)[C@@H](O)[C@H](O[C@H]5O[C@H](CO)[C@@H](O)[C@H](O)[C@@H]5O)[C@@H]4O)[C@@H](O)[C@H](O)[C@@H]3O)[C@H](O)[C@H]2NC(C)=O)[C@@H](CO)O[C@H]1O
evenly_high,280,91858902,82,29365,91856304,0.9811320900917053,CC(=O)N[C@@H]1[C@@H](O)[C@H](O[C@H]2O[C@H](CO)[C@@H](O[C@@H]3O[C@H](CO[C@H]4O[C@H](CO[C@H]5O[C@H](CO)[C@@H](O)[C@H](O)[C@@H]5O)[C@@H](O)[C@H](O[C@H]5O[C@H](CO)[C@@H](O)[C@H](O)[C@@H]5O)[C@@H]4O)[C@@H](O)[C@H](O[C@H]4O[C@H](CO)[C@@H](O)[C@H](O)[C@@H]4O[C@H]4O[C@H](CO)[C@@H](O)[C@H](O)[C@@H]4O[C@H]4O[C@H](CO)[C@@H](O)[C@H](O[C@H]5O[C@H](CO)[C@@H](O)[C@H](O[C@H]6O[C@H](CO)[C@@H](O)[C@H](O)[C@H]6O[C@H]6O[C@H](CO)[C@@H](O)[C@H](O)[C@H]6O)[C@H]5O)[C@@H]4O)[C@@H]3O)[C@H](O)[C@H]2NC(C)=O)[C@@H](CO)O[C@H]1O
evenly_high,280,91858902,83,28286,71297925,0.9811320900917053,CC(=O)N[C@H]1[C@H](O[C@H]2[C@H](O)[C@@H](NC(C)=O)C(O)O[C@@H]2CO)O[C@H](CO)[C@@H](O[C@@H]2O[C@H](CO[C@H]3O[C@H](CO)[C@@H](O)[C@H](O)[C@@H]3O)[C@@H](O)[C@H](O[C@H]3O[C@H](CO)[C@@H](O)[C@H](O)[C@@H]3O[C@H]3O[C@H](CO)[C@@H](O)[C@H](O)[C@@H]3O[C@H]3O[C@H](CO)[C@@H](O)[C@H](O[C@H]4O[C@H](CO)[C@@H](O)[C@H](O)[C@H]4O[C@H]4O[C@H](CO)[C@@H](O)[C@H](O)[C@H]4O)[C@@H]3O)[C@@H]2O)[C@@H]1O
evenly_high,280,91858902,84,29022,146672667,0.9811320900917053,CC(=O)N[C@@H]1[C@@H](O)[C@H](O[C@@H]2O[C@H](CO)[C@@H](O[C@H]3O[C@H](CO[C@H]4O[C@H](CO[C@H]5O[C@H](CO)[C@@H](O)[C@H](O)[C@@H]5O)[C@@H](O)[C@H](O[C@H]5O[C@H](CO)[C@@H](O)[C@@H](O)[C@@H]5O[C@H]5O[C@H](CO)[C@@H](O)[C@H](O)[C@@H]5O)[C@@H]4O)[C@@H](O)[C@H](O[C@H]4O[C@H](CO)[C@@H](O)[C@H](O)[C@@H]4O[C@H]4O[C@H](CO)[C@@H](O)[C@H](O)[C@@H]4O[C@H]4O[C@H](CO)[C@@H](O)[C@H](O)[C@@H]4O)[C@@H]3O)[C@H](O)[C@H]2NC(C)=O)[C@@H](CO)O[C@H]1O
evenly_high,280,91858902,85,26661,91852704,0.9811320900917053,CC(=O)N[C@H]1[C@H](O[C@H]2[C@H](O)[C@@H](NC(C)=O)C(O)O[C@@H]2CO)O[C@H](CO)[C@@H](O[C@@H]2O[C@H](CO[C@H]3O[C@H](CO)[C@@H](O)[C@H](O[C@H]4O[C@H](CO[C@H]5O[C@H](CO)[C@@H](O)[C@H](O)[C@@H]5O)[C@@H](O)[C@H](O)[C@@H]4O)[C@@H]3O)[C@@H](O)[C@H](O[C@H]3O[C@H](CO)[C@@H](O)[C@H](O)[C@@H]3O[C@H]3O[C@H](CO)[C@@H](O)[C@H](O)[C@@H]3O)[C@@H]2O)[C@@H]1O
evenly_high,280,91858902,86,26600,71298050,0.9811320900917053,CC(=O)N[C@H]1[C@H](O[C@H]2[C@H](O)[C@@H](NC(C)=O)C(O)O[C@@H]2CO)O[C@H](CO)[C@@H](O[C@@H]2O[C@H](CO[C@H]3O[C@H](CO)[C@@H](O)[C@H](O)[C@@H]3O[C@@H]3O[C@H](CO)[C@@H](O[C@@H]4O[C@H](CO)[C@H](O)[C@H](O[C@@H]5O[C@H](CO)[C@@H](O[C@@H]6O[C@H](CO)[C@H](O)[C@H](O[C@@H]7O[C@H](CO)[C@@H](O[C@@H]8O[C@H](CO)[C@H](O)[C@H](O)[C@H]8O)[C@H](O)[C@H]7NC(C)=O)[C@H]6O)[C@H](O)[C@H]5NC(C)=O)[C@H]4O)[C@H](O)[C@H]3NC(C)=O)[C@@H](O)[C@H](O[C@H]3O[C@H](CO)[C@@H](O)[C@H](O)[C@@H]3O[C@@H]3O[C@H](CO)[C@@H](O[C@@H]4O[C@H](CO)[C@H](O)[C@H](O[C@@H]5O[C@H](CO)[C@@H](O[C@@H]6O[C@H](CO)[C@H](O)[C@H](O[C@@H]7O[C@H](CO)[C@@H](O[C@@H]8O[C@H](CO)[C@H](O)[C@H](O)[C@H]8O)[C@H](O)[C@H]7NC(C)=O)[C@H]6O)[C@H](O)[C@H]5NC(C)=O)[C@H]4O)[C@H](O)[C@H]3NC(C)=O)[C@@H]2O)[C@@H]1O
evenly_high,280,91858902,87,26712,91853598,0.9811320900917053,CC(=O)N[C@@H]1[C@@H](O)[C@H](O[C@@H]2O[C@H](CO)[C@@H](O[C@@H]3O[C@H](CO[C@H]4O[C@H](CO)[C@@H](O)[C@H](O)[C@@H]4O[C@H]4O[C@H](CO)[C@@H](O)[C@H](O)[C@@H]4O[C@H]4O[C@H](CO)[C@@H](O)[C@H](O)[C@@H]4O)[C@@H](O)[C@H](O[C@H]4O[C@H](CO)[C@@H](O)[C@H](O)[C@@H]4O)[C@@H]3O)[C@H](O)[C@H]2NC(C)=O)[C@@H](CO)O[C@H]1O
evenly_high,280,91858902,88,27538,71297775,0.9811320900917053,CC(=O)N[C@H]1[C@H](O[C@H]2[C@H](O)[C@@H](NC(C)=O)C(O)O[C@@H]2CO)O[C@H](CO)[C@@H](O[C@@H]2O[C@H](CO[C@H]3O[C@H](CO)[C@@H](O)[C@H](O)[C@@H]3O)[C@@H](O)[C@H](O[C@H]3O[C@H](CO)[C@@H](O)[C@H](O)[C@@H]3O[C@H]3O[C@H](CO)[C@@H](O)[C@H](O)[C@@H]3O[C@H]3O[C@H](CO)[C@@H](O)[C@H](O[C@H]4O[C@H](CO)[C@@H](O)[C@H](O)[C@H]4O)[C@@H]3O)[C@@H]2O)[C@@H]1O
evenly_high,280,91858902,89,32229,91853651,0.9811320900917053,CC(=O)N[C@H]1[C@H](O[C@H]2[C@H](O)[C@@H](NC(C)=O)C(O)O[C@@H]2CO)O[C@H](CO)[C@@H](O[C@@H]2O[C@H](CO[C@H]3O[C@H](CO)[C@@H](O)[C@H](O)[C@@H]3O)[C@@H](O)[C@H](O[C@H]3O[C@H](CO)[C@@H](O)[C@H](O)[C@@H]3O[C@H]3O[C@H](CO)[C@@H](O)[C@H](O)[C@@H]3O[C@H]3O[C@H](CO)[C@@H](O)[C@H](O)[C@@H]3O[C@H]3O[C@H](CO)[C@@H](O)[C@H](O[C@H]4O[C@H](CO)[C@@H](O)[C@H](O)[C@@H]4O)[C@@H]3O)[C@@H]2O)[C@@H]1O
evenly_high,280,91858902,90,32108,91858400,0.9811320900917053,CC(=O)N[C@@H]1[C@@H](O)[C@H](O[C@@H]2O[C@H](CO)[C@@H](O[C@@H]3O[C@H](CO[C@H]4O[C@H](CO[C@H]5O[C@H](CO)[C@@H](O)[C@H](O[C@H]6O[C@H](CO)[C@@H](O)[C@H](O)[C@@H]6O)[C@@H]5O)[C@@H](O)[C@H](O[C@H]5O[C@H](CO)[C@@H](O)[C@H](O[C@H]6O[C@H](CO)[C@@H](O)[C@H](O)[C@@H]6O)[C@@H]5O)[C@@H]4O)[C@@H](O)[C@H](O[C@H]4O[C@H](CO)[C@@H](O)[C@H](O)[C@@H]4O[C@H]4O[C@H](CO)[C@@H](O)[C@H](O)[C@@H]4O[C@H]4O[C@H](CO)[C@@H](O)[C@H](O[C@H]5O[C@H](CO)[C@@H](O)[C@H](O)[C@H]5O)[C@@H]4O)[C@@H]3O)[C@H](O)[C@H]2NC(C)=O)[C@@H](CO)O[C@H]1O
evenly_high,280,91858902,91,31702,91848409,0.9811320900917053,CC(=O)N[C@H]1[C@H](O[C@H]2[C@H](O)[C@@H](NC(C)=O)C(O)O[C@@H]2CO)O[C@H](CO)[C@@H](O[C@@H]2O[C@H](CO[C@H]3O[C@H](CO)[C@@H](O)[C@H](O)[C@@H]3O[C@@H]3O[C@H](CO)[C@@H](O[C@@H]4O[C@H](CO)[C@H](O)[C@H](O[C@@H]5O[C@H](CO)[C@@H](O[C@@H]6O[C@H](CO)[C@H](O)[C@H](O[C@H]7O[C@H](CO)[C@H](O)[C@H](O)[C@H]7O)[C@H]6O)[C@H](O)[C@H]5NC(C)=O)[C@H]4O)[C@H](O)[C@H]3NC(C)=O)[C@@H](O)[C@H](O[C@H]3O[C@H](CO)[C@@H](O)[C@H](O)[C@@H]3O[C@@H]3O[C@H](CO)[C@@H](O[C@@H]4O[C@H](CO)[C@H](O)[C@H](O)[C@H]4O)[C@H](O)[C@H]3NC(C)=O)[C@@H]2O)[C@@H]1O
evenly_high,280,91858902,92,31736,71297309,0.9811320900917053,CC(=O)N[C@H]1[C@H](O[C@H]2[C@H](O)[C@@H](NC(C)=O)C(O)O[C@@H]2CO)O[C@H](CO)[C@@H](O[C@@H]2O[C@H](CO[C@H]3O[C@H](CO)[C@@H](O)[C@H](O[C@H]4O[C@H](CO)[C@@H](O)[C@H](O)[C@@H]4O[C@H]4O[C@H](CO)[C@@H](O)[C@H](O)[C@@H]4O)[C@@H]3O)[C@@H](O)[C@H](O[C@H]3O[C@H](CO)[C@@H](O)[C@H](O)[C@@H]3O[C@H]3O[C@H](CO)[C@@H](O)[C@H](O)[C@@H]3O[C@H]3O[C@H](CO)[C@@H](O)[C@H](O[C@H]4O[C@H](CO)[C@@H](O)[C@H](O[C@H]5O[C@H](CO)[C@@H](O)[C@H](O)[C@H]5O[C@H]5O[C@H](CO)[C@@H](O)[C@H](O)[C@H]5O)[C@H]4O)[C@@H]3O)[C@@H]2O)[C@@H]1O
evenly_high,280,91858902,93,33308,71297772,0.9811320900917053,CC(=O)N[C@H]1[C@H](O[C@H]2[C@H](O)[C@@H](NC(C)=O)C(O)O[C@@H]2CO)O[C@H](CO)[C@@H](O[C@@H]2O[C@H](CO[C@H]3O[C@H](CO)[C@@H](O)[C@H](O)[C@@H]3O[C@H]3O[C@H](CO)[C@@H](O)[C@H](O)[C@@H]3O)[C@@H](O)[C@H](O[C@H]3O[C@H](CO)[C@@H](O)[C@H](O)[C@@H]3O[C@H]3O[C@H](CO)[C@@H](O)[C@H](O)[C@@H]3O[C@H]3O[C@H](CO)[C@@H](O)[C@H](O)[C@@H]3O)[C@@H]2O)[C@@H]1O
evenly_high,280,91858902,94,32377,91856724,0.9811320900917053,CC(=O)N[C@H]1[C@H](O[C@H]2[C@H](O)[C@@H](NC(C)=O)C(O)O[C@@H]2CO)O[C@H](CO)[C@@H](O[C@@H]2O[C@H](CO[C@H]3O[C@H](CO)[C@@H](O)[C@H](O)[C@@H]3O[C@H]3O[C@H](CO)[C@@H](O)[C@H](O)[C@@H]3O)[C@@H](O)[C@H](O[C@H]3O[C@H](CO[C@H]4O[C@H](CO)[C@@H](O)[C@H](O)[C@@H]4O)[C@@H](O)[C@H](O[C@H]4O[C@H](CO)[C@@H](O)[C@H](O)[C@@H]4O)[C@@H]3O)[C@@H]2O)[C@@H]1O
evenly_high,280,91858902,95,33378,146017618,0.9811320900917053,CC(=O)N[C@@H]1[C@@H](O)[C@H](O[C@@H]2O[C@H](CO)[C@@H](O[C@@H]3O[C@H](CO[C@H]4O[C@H](CO[C@@H]5O[C@H](CO)[C@H](O)[C@H](O)[C@H]5O)[C@@H](O)[C@H](O)[C@@H]4O)[C@@H](O)[C@H](O[C@H]4O[C@H](CO)[C@@H](O)[C@H](O)[C@@H]4O[C@@H]4O[C@H](CO)[C@@H](O[C@@H]5O[C@H](CO)[C@H](O)[C@H](O)[C@H]5O)[C@H](O)[C@H]4NC(C)=O)[C@@H]3O)[C@H](O)[C@H]2NC(C)=O)[C@@H](CO)O[C@H]1O
evenly_high,280,91858902,96,36100,146672779,0.9811320900917053,CC(=O)N[C@H]1[C@H](O[C@H]2[C@H](O)[C@H](NC(C)=O)[C@H](O)O[C@@H]2CO)O[C@H](CO)[C@@H](O[C@@H]2O[C@H](CO[C@H]3O[C@H](CO[C@H]4O[C@H](CO)[C@@H](O)[C@H](O)[C@@H]4O)[C@@H](O)[C@H](O[C@H]4O[C@H](CO)[C@@H](O)[C@H](O)[C@@H]4O)[C@@H]3O)[C@@H](O)[C@H](O[C@H]3O[C@H](CO[C@H]4O[C@H](CO)[C@@H](O)[C@H](O)[C@@H]4O)[C@@H](O)[C@H](O)[C@@H]3O[C@H]3O[C@H](CO)[C@@H](O)[C@H](O)[C@@H]3O[C@H]3O[C@H](CO)[C@@H](O)[C@H](O[C@H]4O[C@H](CO)[C@@H](O)[C@H](O[C@H]5O[C@H](CO)[C@@H](O)[C@H](O)[C@H]5O[C@H]5O[C@H](CO)[C@@H](O)[C@H](O)[C@H]5O)[C@H]4O)[C@@H]3O)[C@@H]2O)[C@@H]1O
evenly_high,280,91858902,97,26563,71298032,0.9811320900917053,CC(=O)N[C@H]1[C@H](O[C@H]2[C@H](O)[C@@H](NC(C)=O)C(O)O[C@@H]2CO)O[C@H](CO)[C@@H](O[C@@H]2O[C@H](CO[C@H]3O[C@H](CO[C@H]4O[C@H](CO)[C@@H](O)[C@H](O)[C@@H]4O)[C@@H](O)[C@H](O[C@H]4O[C@H](CO)[C@@H](O)[C@H](O)[C@@H]4O[C@H]4O[C@H](CO)[C@@H](O)[C@H](O)[C@@H]4O[C@H]4O[C@H](CO)[C@@H](O)[C@H](O)[C@@H]4O[C@H]4O[C@H](CO)[C@@H](O)[C@H](O)[C@@H]4O[C@H]4O[C@H](CO)[C@@H](O)[C@H](O)[C@@H]4O)[C@@H]3O)[C@@H](O)[C@H](O[C@H]3O[C@H](CO)[C@@H](O)[C@H](O)[C@@H]3O)[C@@H]2O)[C@@H]1O
evenly_high,280,91858902,98,26425,71297933,0.9811320900917053,CC(=O)N[C@H]1[C@H](O[C@H]2[C@H](O)[C@@H](NC(C)=O)C(O)O[C@@H]2CO)O[C@H](CO)[C@@H](O[C@@H]2O[C@H](CO[C@H]3O[C@H](CO)[C@@H](O)[C@H](O)[C@@H]3O[C@@H]3O[C@H](CO)[C@@H](O[C@@H]4O[C@H](CO)[C@H](O)[C@H](O[C@@H]5O[C@H](CO)[C@H](O)[C@H](O)[C@H]5O)[C@H]4O)[C@H](O)[C@H]3NC(C)=O)[C@@H](O)[C@H](O[C@H]3O[C@H](CO)[C@@H](O)[C@H](O)[C@@H]3O[C@@H]3O[C@H](CO)[C@@H](O[C@@H]4O[C@H](CO)[C@H](O)[C@H](O[C@@H]5O[C@H](CO)[C@@H](O[C@@H]6O[C@H](CO)[C@H](O)[C@H](O)[C@H]6O)[C@H](O)[C@H]5NC(C)=O)[C@H]4O)[C@H](O)[C@H]3NC(C)=O)[C@@H]2O)[C@@H]1O
evenly_high,280,91858902,99,25141,5288963,0.9811320900917053,CC(=O)N[C@@H]1[C@@H](O)[C@H](O[C@@H]2O[C@H](CO)[C@@H](O[C@@H]3O[C@H](CO[C@H]4O[C@H](CO[C@H]5O[C@H](CO)[C@@H](O)[C@H](O)[C@@H]5O[C@H]5O[C@H](CO)[C@@H](O)[C@H](O)[C@@H]5O)[C@@H](O)[C@H](O)[C@@H]4O)[C@@H](O)[C@H](O[C@H]4O[C@H](CO)[C@@H](O)[C@H](O)[C@@H]4O)[C@@H]3O)[C@H](O)[C@H]2NC(C)=O)[C@@H](CO)O[C@H]1O
evenly_high,280,91858902,100,25893,146672560,0.9811320900917053,CC(=O)N[C@H]1[C@H](O[C@H]2[C@H](O)[C@@H](NC(C)=O)C(O)O[C@@H]2CO)O[C@H](CO)[C@@H](O[C@@H]2O[C@H](CO[C@H]3O[C@H](CO)[C@@H](O)[C@H](O)[C@@H]3O[C@H]3O[C@H](CO)[C@@H](O)[C@H](O)[C@@H]3O[C@H]3O[C@H](CO)[C@@H](O)[C@H](O)[C@@H]3O)[C@@H](O)[C@H](O[C@H]3O[C@H](CO[C@H]4O[C@H](CO)[C@@H](O)[C@H](O)[C@@H]4O[C@H]4O[C@H](CO)[C@@H](O)[C@H](O)[C@@H]4O)[C@@H](O)[C@H](O[C@H]4O[C@H](CO)[C@@H](O)[C@H](O)[C@@H]4O[C@H]4O[C@H](CO)[C@@H](O)[C@H](O)[C@H]4O)[C@@H]3O)[C@@H]2O)[C@@H]1O
